Project ID,Project Name,Lattitude,Longitude,Budget,Time Elapsed Percent,Fund Spent Percent,Physical Progress Percent
612786,"Construction of New Domestic Terminal Building Building and miscellaneous works including maintenance, operations and AICMC at Kadapa Airport",16.5062,80.648,265.91,96.71,66.33,80.0
701107,Construction of New Integrated Terminal Building and associated works including apron to park 3 code E type of aircraft or 6 code C type of aircraft at Vijayawada Airport.,16.5062,80.648,824.28,95.87,69.51,89.7
701121,Construction of New Domestic Terminal Building at Rajahmundry Airport.,16.5062,80.648,347.15,99.91,54.58,96.0
706724,Guwahati Airport New Integrated Terminal Building Construction Project,26.1445,91.7362,2520.0,100.0,105.96,99.5
612183,Development of New Civil Enclave at Bihta,25.5941,85.1376,1413.0,69.53,1.1,4.15
612194,Development of New Civil Enclave and associated works at Darbhanga Airport,25.5941,85.1376,911.66,89.1,46.75,71.1
701101,"Construction of New Domestic Terminal Building [Phase-I and II] and other allied structures at JPNI Airport, Patna",25.5941,85.1376,1216.9,99.97,98.9,99.26
619054,Development of Keshod Airport.,23.2156,72.6369,363.1,71.95,29.92,46.69
701126,"Development of Dholera International Greenfield Airport , Gujarat",23.2156,72.6369,1551.0,97.9,62.31,88.0
611047,"Construction of NTB complex including apron, taxi track and other associated civil works and electrical & mechanical installations towards Tawi River side at CA Jammu. Jammu and",22.5937,78.9629,861.37,91.28,43.01,58.35
612787,Construction of New Domestic Terminal Building and Miscellaneous works at Hubli Airport,12.9716,77.5946,320.47,96.71,52.77,88.5
612788,Construction of New Domestic Terminal Building and Miscellaneous Works at Belagavi Airport.,12.9716,77.5946,322.45,99.89,74.74,97.0
612789,"Development of additional RESA on either end on Runway 10-28 at Calicut Airport. Construction of embankment with slope protection, drainage system and associated works for additional RESA on either end on Runway 10-28",8.5241,76.9366,484.57,88.1,50.05,65.8
400010,"Construction of Terminal Building & Associated works at Leh Airport, Ladakh",34.1526,77.5771,640.0,100.0,80.09,88.0
706718,C/o NITB Imphal Airport,18.8943,85.7657,499.0,92.38,42.52,53.14
611570,"SITC of ATM Automation System and ASMGCS [Including SMR & MLAT] for Mumbai, Multi-States Navi Mumbai, Jewar [earlier MOPA, without ASMGCS], HIAL & BIAL (Karnataka,",21.102567,77.436867,500.48,99.93,79.88,80.0
618977,"SITC of ATM Automation System and ASMGCS [Including SMR & MLAT] for Mumbai, Multi-States Navi Mumbai, Jewar [earlier MOPA, without ASMGCS], HIAL & BIAL (Karnataka, 12/2020 09/2025 500.48 16 (Airport Authority of India [AAI]) Maharashtra, 399.77 80 (611570) Telangana, Uttar Development of New Greenfield Airport at Bundi, Kota Rajasthan.",26.9124,75.7873,1507.0,39.82,5.4,13.6
701127,Construction of New Passenger Terminal Building for Domestic Operations at Jodhpur Airport.,26.9124,75.7873,480.0,100.0,72.54,100.0
701128,Construction of New Integrated Passenger Terminal Building at Udaipur Airport,26.9124,75.7873,887.0,96.91,66.2,78.71
612793,"Widening of basic strip at Western Side of Runway Chainage 80m to 920m i/c slope stabilization Measures [Balance work] of uphill and Improvement of Storm Water Drainage System at Pakyong Airport, Sikkim on design & build basis [EPC] with",27.3389,88.6065,323.26,76.13,27.1,36.14
611602,"Modernization of Chennai Airport, Phase II, Part 2",13.0827,80.2707,1207.0,90.38,27.49,46.0
701113,"Development of Lal Bahadur Shastri International airport, Varanasi including C/o New Terminal Building, Apron Extension, Runway Extension, PTT and allied works.",26.8467,80.9462,2869.65,69.41,26.03,33.0
701122,Development of New Integrated Civil Enclave at Agra Airport,26.8467,80.9462,579.0,89.1,38.79,44.94
611495,Development of New Civil Enclave at Bagdogra Airport,22.5726,88.3639,1549.0,76.62,35.4,27.9
612791,"Re-Construction of Rigid portions of Secondary Runway, K and A Taxiway and Strengthening of C Taxiway at NSCBI Airport Kolkata.",22.5726,88.3639,328.3,99.9,46.76,73.5
615820,Total (25) 21345.07 11586.47 TIKAK EXTENSION OCP,26.1445,91.7362,159.77,45.36,70.53,89.73
615821,TIRAP OCP,26.1445,91.7362,289.46,46.82,36.5,5.0
400144,PORDA CHIMTAPANI OCP [10 MTY],21.2514,81.6296,2310.12,68.66,5.15,11.81
400149,BAROUD OC EXPANSION [3.0-10.0M,21.2514,81.6296,2309.8,69.88,45.01,55.95
400354,DIPKA EXPANSION OCP [40 MTY],21.2514,81.6296,5241.4,68.66,56.12,39.34
400424,GEVRA OC [70 MTY],21.2514,81.6296,11816.4,94.7,66.23,78.48
613798,AMERA OC RCE [1.0 MTY],21.2514,81.6296,335.97,100.0,27.36,42.47
613799,AMGAON OC RCE [1.0 MTY],21.2514,81.6296,316.11,100.0,61.05,78.86
613800,JAGANNATHPUR OC RCE PROJECT,21.2514,81.6296,459.49,94.53,63.2,96.15
613801,MAHAMAYA OCP [1.50 MTY],21.2514,81.6296,410.26,83.88,46.0,54.6
615191,KATKONA RO UG MINE,21.2514,81.6296,329.21,58.06,18.84,2.01
616234,PELMA OC MDO,21.2514,81.6296,1725.04,36.78,0.97,23.75
617287,KUSMUNDA OC EXPANSION PROJECT,21.2514,81.6296,4516.88,32.73,18.76,23.75
617288,MANIKPUR OC EXPANSION PROJECT,21.2514,81.6296,382.61,37.89,36.3,21.29
619171,RPR FOR DURGAPUR OCP 10 MTY,21.2514,81.6296,2415.91,14.03,0.12,0.01
619172,MADANNAGAR OCP 12 MTY - MDO,21.2514,81.6296,1859.19,20.15,0.02,0.0
400018,HURA C OCP,23.3441,85.3096,859.41,60.73,53.05,63.3
400073,KONAR EXPANSION OCP,23.3441,85.3096,674.65,45.04,26.03,50.78
400074,KARO EXPANSION OCP,23.3441,85.3096,849.31,63.91,27.98,23.28
400136,SANGHMITRA OC,23.3441,85.3096,2660.0,30.18,0.64,16.77
400138,CHANDRAGUPT OCP,23.3441,85.3096,973.5,51.77,79.31,25.11
400139,KOTRE BASANTPUR PACHMO OCP,23.3441,85.3096,625.4,51.77,72.99,45.78
400142,Pachwara South Coal Block,23.3441,85.3096,2242.9,76.36,63.87,87.0
400150,RPR MAGADH EXP OCP,23.3441,85.3096,6964.33,79.09,33.02,39.42
400151,NORTH URIMARI EXPANSION OCP,23.3441,85.3096,634.3,66.29,94.33,68.9
400153,EPR ROHINI - KARKETTA OCP,23.3441,85.3096,995.57,77.87,8.57,24.02
400154,EPR PUNDI OCP,23.3441,85.3096,639.6,90.78,2.31,11.24
400155,EPR ASHOK OC,23.3441,85.3096,2821.07,53.38,6.59,27.74
400156,EPR AMRAPALI OCP,23.3441,85.3096,4983.57,80.38,36.9,43.69
400160,RAJRAPPA RCE OCP,23.3441,85.3096,510.85,96.62,95.67,75.61
400172,CHITRA EAST OC,23.3441,85.3096,513.99,83.46,53.7,53.03
400352,JHARKHAND-LAIYO OCP,23.3441,85.3096,654.87,56.68,0.3,32.45
400425,MOONIDIH XV SEAM UG,23.3441,85.3096,1230.27,99.42,65.05,84.02
611864,AMALAGAMATED NTST KUJAMA OCP 8.5MTY (Bharat Coking Coal Limited (BCCL)),23.3441,85.3096,4011.85,49.96,10.34,31.16
613808,MURAIDIH UG PROJECT,23.3441,85.3096,339.87,97.87,56.24,70.47
615349,TAPIN SOUTH EXPN,23.3441,85.3096,230.41,78.37,9.56,23.67
615822,SIRKA OC,23.3441,85.3096,183.18,79.76,49.09,56.47
615843,TETARIAKHAR OC,23.3441,85.3096,232.64,92.04,21.84,30.06
616225,CHUPERBHITA SIMLONG OCP MDO 6,23.3441,85.3096,979.08,20.11,0.0,0.05
616236,JARANGDIH EXPN. OCP 1.5 MTY,23.3441,85.3096,372.06,71.53,23.01,32.99
616253,BLOCK E OCP,23.3441,85.3096,5850.83,48.3,0.35,4.18
617416,"Revised Jharia Master Plan for Dealing with Fire, Subsidence & Rehabilitation of affected families in Jharia Coalfield- Reg.",23.3441,85.3096,5940.47,31.63,8.77,34.0
617764,North Dhadu Western Part OCP,23.3441,85.3096,1354.2,50.76,17.26,40.0
400148,AMADAND OCP[4.0MTY],23.2599,77.4126,869.44,94.7,37.39,75.15
400162,BLOCK B EXPANSION [3.5 TO 8.0,23.2599,77.4126,998.71,92.39,54.6,51.31
400321,NIGAHI EXPANSION [15 TO 25 MTP,23.2599,77.4126,1729.68,78.37,56.97,53.73
613802,KANCHAN OC EXP,23.2599,77.4126,371.04,88.03,42.56,58.2
613803,JHIRIA WEST OCP [1.5 MTY],23.2599,77.4126,366.94,49.95,10.14,41.29
613804,RPR TAWA-III UG 0.84 MTY,23.2599,77.4126,314.09,88.88,5.7,17.78
615185,AMALGAMATED DHANKASA & JAMUNIA,23.2599,77.4126,399.2,87.03,29.36,67.13
615187,RPR OF VISHNUPURI UG TO OC,23.2599,77.4126,220.62,59.17,0.0,11.2
615194,URDHAN EXPANSION OC COST PLUS,23.2599,77.4126,206.88,43.84,24.5,2.02
615195,SHARDA UG MINE,23.2599,77.4126,166.25,64.76,3.57,9.39
615206,GANDHIGRAM UG MINE,23.2599,77.4126,414.15,92.31,6.89,56.88
619032,JAYANT EXPN. [20 TO 38 MTPA],23.2599,77.4126,25560.48,21.08,1.3,2.1
619053,RPR FOR RAMPUR BATURA OCP,23.2599,77.4126,1604.69,25.84,4.69,0.3
400033,BHATADI EXPANSION OC,19.076,72.8777,580.61,72.83,19.32,34.25
400177,AMALGAMATED YEKONA I & YEKONA,19.076,72.8777,727.28,94.96,77.58,80.77
400178,DINESH[MAKARDHOKRA-III] OC,19.076,72.8777,822.88,91.76,96.25,40.63
400353,DHUPTALA OC [SASTI UG TO OC ],19.076,72.8777,711.01,75.29,24.57,19.02
615184,SAONER UG MINE -1 EXPANSION 1.,19.076,72.8777,228.64,74.28,68.67,69.33
615186,SASTI EXPANSION OPENCAST,19.076,72.8777,319.04,91.14,48.7,32.21
615188,NEW MAJRI UG TO OC 3 MTY COST,19.076,72.8777,402.27,87.03,16.86,24.17
615189,MAKARDHOKRA EXPN OC 4.9 MTY,19.076,72.8777,361.87,87.72,28.79,12.2
615190,SINGHORI DEEP OC MIN 2.0 MTY,19.076,72.8777,335.75,62.18,16.07,9.64
615192,GOKUL EXTENSION OC MINE,19.076,72.8777,309.58,90.14,20.13,8.44
615199,KOLGAON EXPANSION DEEP OC MINE,19.076,72.8777,198.71,83.32,12.62,3.93
615330,BALLARPUR NORTH WEST OC MINE,19.076,72.8777,360.81,58.63,7.47,5.35
615331,GADEGAON OC 3 MTY,19.076,72.8777,497.41,44.13,19.24,2.19
615914,GHONSA EXPANSION DEEP OC MINE,19.076,72.8777,184.71,67.35,8.51,12.98
615916,AMLG GAURI PAUNI EXPANSION OC,19.076,72.8777,1225.21,39.4,7.51,4.21
615917,GAURIDEEP/GAURI CENTRAL OCP 7.,19.076,72.8777,973.07,37.64,0.16,2.31
615918,RPR OF BHANEGAON OC,19.076,72.8777,405.2,71.17,10.65,16.06
615919,N. EXTN. MUNGOLI NIRGUDA D OCP,19.076,72.8777,1024.91,45.56,21.3,27.92
615982,NILJAI EXPANSION DEEP OCP,19.076,72.8777,319.75,94.49,61.55,79.83
616044,UKNI DEEP OC MINE -COST PLUS,19.076,72.8777,237.06,92.85,71.25,94.57
616050,AMALGAMATED INDER-KAMPTEE DEEP,19.076,72.8777,235.9,93.14,54.47,98.97
616223,ADASA UG TO OC MINE,19.076,72.8777,316.0,93.0,66.23,86.49
616229,AMAL GONDEGAON GHATROHANA EXPN,19.076,72.8777,668.54,42.51,0.44,2.55
617233,WAGHODA UG MINE [1.02 MTY],19.076,72.8777,379.3,30.56,0.0,0.11
617278,KOLARPIMPRI EXPANSION OC [2.5,19.076,72.8777,630.37,29.4,0.1,0.4
619055,SAONER-III EXPN UG MINE 1.54,19.076,72.8777,444.42,15.14,0.0,0.0
400369,BINA KAKRI AMALGAMATION EXPANS Multi-States,25.0533,79.1794,836.42,91.14,109.65,92.05
615183,KHADIA EXPANSION [10 TO 16 MTP Multi-States,25.0533,79.1794,491.67,89.85,77.22,57.12
400165,SUBHADRA OCP,20.2961,85.8245,1693.81,48.07,78.69,46.57
400166,SIARMAL OCP,20.2961,85.8245,5194.95,68.0,68.21,61.04
400183,BALARAM EXPANSION OCP,20.2961,85.8245,3504.21,69.88,27.5,62.06
400185,GOPALJI KANIHA OCP [10 TO 30 M,20.2961,85.8245,6107.87,54.72,29.1,35.8
400187,INTEGRATED LAKHANPUR-BELPAHAR-,20.2961,85.8245,2434.75,93.4,87.64,82.9
400392,BHARATPUR RE-ORGANIZATION OCP,20.2961,85.8245,2838.86,74.98,60.47,53.54
615857,Naini Coal Mine,20.2961,85.8245,494.3,100.0,99.4,80.0
616226,INTEGRATED KULDA GARJANBAHAL O,20.2961,85.8245,3563.5,33.6,19.44,10.43
616231,BHUBANESWARI EXPN OCP 50 MTY,20.2961,85.8245,5366.27,26.83,8.9,34.03
616232,HINGULA II OC EXPN PH III 15 M,20.2961,85.8245,1561.85,59.17,18.2,33.55
616233,BALABHADRA OCP,20.2961,85.8245,978.44,48.18,47.17,18.93
618982,Talabira II & III OCP - FMC,20.2961,85.8245,522.45,90.61,64.01,74.8
615818,Jawahar Khani Open Cast Mine,17.385,78.4867,297.88,88.88,16.92,20.0
615858,Kalyanikhani Opencast Project,17.385,78.4867,384.32,100.0,79.2,77.0
615860,Godavarikhani Coal Mine - 5,17.385,78.4867,607.04,100.0,33.11,71.0
615861,Indaram Opencast Project,17.385,78.4867,424.81,100.0,96.21,81.0
615862,Goleti Opencast Mine,17.385,78.4867,345.6,100.0,32.39,33.0
615863,Venkatesh Khani Coal Mine,17.385,78.4867,484.5,100.0,98.48,97.0
615865,Kakatiyakhani OC - 2 Project,17.385,78.4867,442.42,100.0,57.28,64.0
400173,MOHANPUR EXPANSION OC -PHASE I,22.5726,88.3639,888.99,61.58,17.32,31.52
400180,BONJEMEHARI EXPANSION OCP,22.5726,88.3639,570.11,58.23,17.29,17.13
400181,NAKRAKONDA KUMARDIH- B OCP,22.5726,88.3639,502.67,75.58,17.69,28.58
400186,TILABONI UG,22.5726,88.3639,749.07,58.06,7.2,12.14
400312,JHANJRA EXPANSION UG,22.5726,88.3639,1210.12,71.01,52.36,52.04
400315,SONEPUR BAZARI EXPANSION OCP [,22.5726,88.3639,5365.88,66.29,13.0,18.5
612816,ITAPARA OCP,22.5726,88.3639,929.1,42.64,14.25,8.41
613793,SHYAMSUNDARPUR UG INCLUDING SA,22.5726,88.3639,483.65,79.97,20.01,16.79
613794,PARASEA-BELBAID UG PROJECT,22.5726,88.3639,389.1,69.3,34.05,22.26
616230,PARASCOLE JAMBAD OCP,22.5726,88.3639,1193.55,14.15,0.99,0.23
617299,Total (113) 182494.77 51305.23 50 MW Wind Power Project,23.2156,72.6369,383.84,88.45,86.84,52.0
617730,600 MW Khavda Solar Power Project,23.2156,72.6369,3335.85,86.53,63.64,62.0
618991,200 MW SPP part of 510 MW CPSU scheme,23.2156,72.6369,1221.41,87.76,5.85,0.0
618992,100 MW SPP part of SECI 150 MW Hybrid,23.2156,72.6369,480.68,87.37,0.57,1.2
400231,NLC Talabira Thermal Power Project,20.2961,85.8245,27212.96,41.85,13.13,4.1
618981,810 MW Solar Power Project - Rajasthan,26.9124,75.7873,4147.07,36.51,6.03,0.0
400203,Total (6) 36781.81 6354.71 Dharamjaigarh-Korba (Railway),21.2514,81.6296,2438.53,99.97,32.51,43.7
400416,Shivpur-Kathautia New Rail [BG] Line [49 km] [Package II of Tori-Shivpur-Kathautia line],23.3441,85.3096,2564.34,83.58,69.6,72.0
400192,Total (2) 3485.86 2577.5 Tubed Coal Mine,23.3441,85.3096,1581.0,96.69,39.52,37.0
603293,Badam Coal Mining project of NTPC,23.3441,85.3096,784.0,91.19,55.94,67.86
602182,Total (2) 2083.00 1063.43 Dibang Multipurpose Project,27.0844,93.6053,31876.39,38.82,15.44,17.93
611698,240MW Heo HE Project,27.0844,93.6053,1938.85,29.96,5.48,6.58
611699,186 MW Tato-I H E Project,27.0844,93.6053,1750.07,29.96,4.54,5.6
611716,700 MW Tato-II HE Project,27.0844,93.6053,8146.21,15.2,3.12,6.59
619311,Kalai-II Hydro Electric Project [1200 MW],27.0844,93.6053,14105.83,5.09,1.34,0.0
602579,Buxar Thermal Power Project [1320 MW],25.5941,85.1376,13756.56,100.0,99.82,95.01
619051,"Nabinagar Super Thermal Power Project, Stage-II [3x800 MW]",25.5941,85.1376,29948.0,26.54,11.43,15.0
611930,Lara Super Thermal Power Project Stage-II [2 x 800 MW],21.2514,81.6296,16106.0,57.06,33.98,33.5
617188,"Sipat Super Thermal Power Project, Stage-III [1x800 MW]",21.2514,81.6296,9791.0,36.99,19.51,22.31
709747,Bagodara Solar Power Project,23.2156,72.6369,339.35,100.0,109.03,51.86
602582,Dhaulasidh Hydro Electric Project [66 MW],31.1048,77.1734,1763.31,90.0,72.35,80.69
602593,Luhri Stage-I Hydro Electric Project [210 MW],31.1048,77.1734,4345.31,60.5,45.58,52.13
611586,Sunni Dam Hydro Electric Project [382 MW],31.1048,77.1734,4555.49,51.74,25.29,34.66
602525,"Pakal Dul [Drangdhuran] Hydroelectric Project, 1000 MW (National Hydroelectric Power Corporation Limited [NHPC]) Jammu and",22.5937,78.9629,12728.0,96.19,73.17,82.05
602532,Kiru HE Project (National Hydroelectric Power Corporation Limited [NHPC]) Jammu and,22.5937,78.9629,5409.0,95.07,73.0,87.0
602535,"Ratle HE Project - 850 MW, Ratle Hydroelectric Power Corporation Limited. (National Hydroelectric Power Corporation Limited [NHPC]) Jammu and",22.5937,78.9629,5281.94,66.99,31.15,31.53
605155,Kwar HE Project (National Hydroelectric Power Corporation Limited [NHPC]) Jammu and,22.5937,78.9629,4526.12,70.26,37.59,36.52
400261,Patratu Thermal Power Station Expansion Project Phase-I [3x800 MW],23.3441,85.3096,20302.0,92.9,97.21,92.0
611509,"Koderma Thermal Power Station Phase II [2X800 MW] At Koderma, Jharkhand",23.3441,85.3096,14358.0,37.4,15.53,14.3
618976,"Gadarwara Super Thermal Power Project, Stage-II [2x800 MW]",23.2599,77.4126,20446.0,25.84,11.39,11.5
602096,Subansiri Lower HE Project [2000 MW] Multi-States,26.61445,92.67075,26075.54,97.37,101.43,97.98
602961,Talcher Thermal Power Station Stage III [2 x 660 MW] Expansion,20.2961,85.8245,12543.0,69.07,56.06,55.0
619056,"Darlipali Super Thermal Power Project, Stage-II [1x800 MW]",20.2961,85.8245,11131.0,13.55,5.09,2.7
602181,"TEESTA-VI HE PROJECT, SIKKIM [500 MW], executed by LANCO TEESTA HYDRO POWER LIMITED [A wholly owned Subsidiary of NHPC LTD. acquired through NCLT]",27.3389,88.6065,5748.04,67.5,79.55,73.78
605156,Rangit-IV HE Project [120 MW] executed by Jal Power Corporation Ltd. [JPCL] - A wholly owned subsidiary of NHPC Ltd. acquired through NCLT,27.3389,88.6065,1828.11,95.15,93.99,97.56
619341,"Telangana Super Thermal Power Project , Stage-II [3 x 800 MW]",17.385,78.4867,29344.85,7.13,2.5,0.97
298178,"Meja Thermal Power Project, Stage-II , (3x800 MW)",26.8467,80.9462,38358.0,2.53,2.61,0.02
612142,"Singrauli Super Thermal Power Project, Stage-III [2x800 MW]",26.8467,80.9462,17195.0,39.69,22.33,25.0
602185,Tapovan-Vishnugad HEP [4x130 MW],30.0668,79.0193,10907.3,87.12,71.77,76.07
602195,Vishnugad Pipalkoti Hydro Electric Project [444 MW],30.0668,79.0193,6405.08,87.26,91.06,81.5
400062,"Raghunathpur Thermal Power Station Phase II [2X660 MW] at Raghunathpur, Purulia, West Bengal",22.5726,88.3639,17673.0,33.19,12.84,13.0
602184,Rammam-III HEPP [3x40 MW],22.5726,88.3639,2865.56,79.41,59.0,57.86
602538,Installation of FGD for 4x210 & 2x250 MW MTPS U 1-6,22.5726,88.3639,1106.0,98.43,103.35,97.0
617183,Total (33) 352432.05 140445 Transmission system strengthening at Kurnool- III PS for integration of additional RE generation projects [POWERGRID Kurnool III PS RE Transmission Limited],16.5062,80.648,2886.0,51.44,31.0,43.89
617375,North Eastern Region Expansion Scheme-XXIII [NERES-XXIII],27.0844,93.6053,209.38,39.82,1.5,3.89
615336,Transmission system for evacuation of Power from REZ in Rajasthan [20 GW] under phase-III Part-D Phase-II,28.6139,77.209,284.0,84.45,32.0,45.94
612139,Transmission system for Evacuation of Additional 7 GW RE power from Khavda RE park under Phase-III Part B [Vataman Transmission Limited],23.2156,72.6369,4231.0,88.78,75.06,72.12
612855,Transmission System for Evacuation of Power from Potential Energy Renewable Zone in Khavda Area of Gujarat under Ph-IV [7GW] Part E2,23.2156,72.6369,697.0,96.25,85.0,82.0
615342,Augmentation of Transformation Capacity at jam Khambhaliya PS [GIS] [SPV Name POWERGRID Jam Khambhaliya Transmission Limited],23.2156,72.6369,329.0,73.25,22.0,33.0
615343,Provision of Dynamic Reactive Compensation at Khavda pooling Station 1 [KPS1] and Khavda Pooling station 3 [KPS3],23.2156,72.6369,501.0,87.26,5.28,8.67
615345,Transmission System for Evacuation of Power from Potential Renewable Energy Zone in Khavda area of Gujarat under Phase-IV [7GW] Part B [SPV Name POWERGRID South Olpad Transmission Limited],23.2156,72.6369,4766.0,61.0,45.0,38.26
617069,Augmentation of Transformation Capacity at KPS1 [GIS] and KPS2 [GIS] [Phase-V Part B1 and Part B2 Scheme] [SPV Name- POWERGRID KPS1 and 2 Augmentation Transmission Limited],23.2156,72.6369,466.0,74.66,33.24,37.0
617182,Augmentation of Banaskantha [Raghanesda] PS [GIS] [POWERGRID Banaskantha Transco Limited],23.2156,72.6369,172.0,70.82,36.0,42.0
617391,Augmentation of Transformation Capacity at Bhuj-II PS [GIS],23.2156,72.6369,488.29,64.12,3.0,7.2
617405,Jamnagar Transmission Limited,23.2156,72.6369,4000.0,62.72,17.45,24.0
617801,Provision of ICT Augmentation & Bus Reactor at Bhuj-II PS,23.2156,72.6369,581.74,62.9,3.0,7.2
619026,KPSIII HVDC Transmission Limited,23.2156,72.6369,19000.0,16.56,0.11,1.0
619029,Transmission System for Reliable Power Supply to Dholera,23.2156,72.6369,319.42,85.02,22.0,35.2
619049,Khavda IVA Power Transmission Limited,23.2156,72.6369,4500.0,77.39,61.62,70.0
617179,Transmission Scheme for evacuation of Power from Ratle HEP [850 MW] & kiru [624 MW] Part B Jammu and,22.5937,78.9629,218.6,71.36,1.7,1.7
617326,Implementation of Transmission Systems in the State of Jharkhand consisting of 400/220/132/33 kV transmission lines and substations under Jharkhand Consultancy Project,23.3441,85.3096,1842.25,94.55,89.46,96.4
612140,Transmission Scheme for Integration of Renewable Energy Zone [Phase II] in Koppal II [Phase A&B] and gadag II[Phase A] in Karnataka [POWERGRID KOPPAL GADAG TRANSMISSION LIMITED],12.9716,77.5946,4445.0,96.82,92.0,95.95
616672,System Strengthening at Koppal-II and GadagII for integration of RE generation projects [SPV Name POWERGRID Koppal Gadag Augmentation Transmission Limited],12.9716,77.5946,1354.0,65.38,25.0,38.07
617068,"Augmentation of Transformation Capacity by 3x500 MVA, 400/220 KV ICTS [6th-8th] and 1x1500 MVA, 765/400 KV ICT [4th] at Bidar PS [SPV Name- POWERGRID Bidar Augmentation Transmission Limited]",12.9716,77.5946,288.0,64.12,10.0,18.75
617184,Transmission Scheme for integration of Davanagere/ Chitradurga and Bellary REZ in Karnataka [POWERGRID Chitradurga Bellary REZ Transmission Limited],12.9716,77.5946,3453.0,56.56,16.0,23.01
617803,Transmission System Strengthening at Davanagere for Integration of RE Generation [SPV Name - POWERGRID Davanagere Power Transmission Limited],12.9716,77.5946,379.0,45.62,4.5,2.5
619228,Transmission System Strengthening for integration of additional RE Potential at Davanagere [0.25 GW] and Bellary [2.75 GW],12.9716,77.5946,1111.0,24.66,2.0,1.0
619028,Augmentation of 1x500 MVA 400/220kV ICT [3rd] at Thrissur VSC HVDC Station in Kerala,8.5241,76.9366,173.14,42.72,1.2,1.5
615344,Transmission System for Evacuation of Power from Rajasthan REZ Ph-IV [Part-2 5.5GW] [Jaisalmer/Barmer Complex] Part H1 [POWERGRID KURAWAR TRANSMISSION LIMITED],23.2599,77.4126,3674.0,68.65,45.54,47.9
615346,Transmission System for Evacuation of Power from Rajasthan REZ Ph-IV [Part-2 5.5 GW] [Jaisalmer/Barmer Complex] Part C [SPV Name POWERGRID Mandsaur Transmission Limited],23.2599,77.4126,2708.0,79.76,60.0,72.39
617272,Implementation of LILO of both circuits of 400KV vindhyachal PS-Sasan D/C Line at Hindalco Switchyard,23.2599,77.4126,370.0,86.53,40.0,55.26
617279,Transmission System for evacuation of power from Mahan Energen Limited Generating Station in Madhya Pradesh [SPV Name - POWERGRID MEL Power Transmission Limited],23.2599,77.4126,558.0,46.55,32.42,18.47
617802,Augmentation of Transformation Capacity and Implementation of Line Bays at Mandsaur S/S for RE Interconnection [SPV Name- POWERGRID Mandsaur I RE Transmission Limited],23.2599,77.4126,319.0,34.35,5.4,4.8
619024,Mahan Transmission Limited,23.2599,77.4126,3125.32,67.94,17.37,30.0
619027,WRNES Talegaon Power Transmission Limited,19.076,72.8777,2000.0,46.77,1.25,5.0
619227,Network Expansion Scheme in Maharashtra for removal of Transmission constraints in Pune Region-I [765/400kV AIS Pune East],19.076,72.8777,1420.0,20.79,2.74,3.92
617185,Transmission System for Integration of Kurnool-IV REZ Phase-I [for 4.5 GW] [POWERGRID Kurnool-IV Transmission Limited] Multi-States,14.7389,79.1213,5550.0,56.56,32.0,28.77
617806,Transmission System for Integration of Ananthapur 2 REZ Phase 1 for 4.5 GW. SPV Name Anantapuram 2 REZ Transmission Ltd Multi-States,14.7389,79.1213,4535.99,70.82,26.62,64.0
619030,Inter-Regional Strengthening between SR Grid and ER Grid Multi-States,18.40115,83.23625,2722.5,19.74,7.0,3.0
602223,Comprehensive Scheme for Strengthening of Transmission and Distribution [T&D] Systems [CSST&DS] in Arunachal Pradesh and Sikkim Multi-States,26.3462,91.9712,9129.32,95.3,89.18,83.9
607709,"NORTH EASTERN REGION POWER SYSTEM IMPROVEMENT PROJECT Multi-States [NERPSIP] (Assam, Manipur,",24.703125,92.501575,6700.0,94.7,83.25,99.2
617271,"NORTH EASTERN REGION POWER SYSTEM IMPROVEMENT PROJECT Multi-States [NERPSIP] (Assam, Manipur, 12/2014 12/2018 5111.33 219 (Power Grid Corporation of India Limited [POWERGRID]) Meghalaya, 5577.75 99.2 (607709) Mizoram, Eastern Region Expansion Scheme-43 [ERES-43] Multi-States",22.820933,86.442,342.69,95.62,42.0,29.75
617807,Inter-regional [NR-WR] Transmission System strengthening to relieve the loading of 765 kV Vindhyachal-Varanasi D/c line Multi-States,26.2204,83.0419,2368.0,41.51,6.67,6.38
617270,Eastern Region Expansion Scheme-44 [ERES-44] Multi-States,25.593533,83.570167,408.94,61.61,1.5,1.5
612132,"Transmission Scheme for Evacuation of power from REZ in Rajasthan [20 GW] under Phase-III Part D Phase I [Sikar Khetri Transmission Ltd] Multi-States (Delhi,",28.7532,76.5919,2423.0,81.05,92.0,92.47
611735,"Transmission system for evacuation of power from REZ in Rajasthan 20GW under Phase-III Part J Multi-States (Delhi,",26.9124,75.7873,331.0,91.58,71.0,68.9
615347,TRANSMISSION SYSTEM FOR EVACUATION OF POWER FROM POTENTIAL RENEWABLE ENERGY ZONE IN KHAVDA AREA OF GUJARAT UNDER PHASE-V Multi-States [8 GW] PART A [SPV Name POWERGRID West Central Transmission Limited],21.1458,72.7573,24819.0,38.79,12.0,18.56
615339,Transmission system for evacuation of power from Rajasthan REZ Ph-IV [Part- 3/6GW] [Bikaner complex] Part A [SPV Name POWERGRID Bikaner IV Transmission Multi-States Limited],29.515567,76.141333,5969.0,72.3,33.0,33.3
615340,TRANSMISSION SYSTEM FOR EVACUATION OF POWER FROM RAJASTHAN REZ PH-IV [PART-3/ 6 GW] [BIKANER COMPLEX] PART B [SPV Name Multi-States POWERGRID Siwani Transmission Limited],28.82285,76.28335,5357.0,74.94,35.86,36.53
617808,Inter-Regional Strengthening between SR Grid and WR Grid Multi-States,16.0238,75.23615,1007.0,41.51,5.0,3.0
612138,"Transmission Scheme for Solar Energy Zone in Bidar [2500 MW], Karnataka [Bidar Transmission Ltd] Multi-States",15.1783,78.04065,1368.0,99.89,92.0,96.84
615333,Transmission System for Evacuation of Power from Rajasthan REZ Ph-IV [Part-2 5.5 GW] [Jaisalmer/Barmer Complex] Part D [SPV Name POWERGRID Beawar Multi-States Mandsaur Transmission Limited],25.08615,76.59995,2227.0,85.56,50.0,49.31
615334,Transmission System for Evacuation of Power from Rajasthan REZ Ph-IV [Part-2 5.5 GW] [Jaisalmer/Barmer Complex] Part E [SPV Name POWERGRID Mewar Multi-States Transmission Limited],25.08615,76.59995,3251.0,74.92,63.0,46.87
617186,Rajasthan REZ Ph-V [Part-1- 4 GW] [Sirohi/Nagaur] Complex [Rajasthan V Power Transmission Limited] Multi-States,25.08615,76.59995,5028.0,62.9,30.0,34.03
619025,"RAJASTHAN PART I POWER TRANSMISSION LIMITED Multi-States (Adani Transmission Limited) (Madhya Pradesh,",26.87955,78.36675,25000.0,35.08,2.94,10.0
612133,"RAJASTHAN PART I POWER TRANSMISSION LIMITED Multi-States (Adani Transmission Limited) (Madhya Pradesh, 233 735.05 10 Transmission System for Evacuation of power from Rajasthan REZ Ph-IV [Part-1] [Bikaner Complex] Part D [Neemrana Bareilly Transmission Ltd] Multi-States",26.87955,78.36675,3271.0,79.95,83.5,73.45
616670,Transmission System for evacuation of Power from Rajasthan REZ Ph-IV [Part-4 3.5 GW] Part A [SPV name POWERGRID Ghiror Transmission Limited] Multi-States,26.87955,78.36675,5846.0,66.56,33.42,40.71
611949,Transmission system for evacuation of power from REZ in Rajasthan 20 GW under Phase-III part C1,26.9124,75.7873,1160.0,99.9,99.0,99.87
612134,Transmission System for Evacuation of power from Rajasthan REZ Ph-IV [Part-1] [Bikaner Complex] Part A [Bikaner Neemrana Transmission Ltd],26.9124,75.7873,4741.0,79.95,82.0,79.39
615332,Transmission System for Evacuation of Power from Rajasthan REZ Ph-IV [Part-2 5.5 GW][Jaisalmer/Barmer Complex] Part B [SPV Name POWERGRID Sirohi Transmission Limited],26.9124,75.7873,3279.0,77.39,58.0,56.15
615335,Transmission System Strengthening for Interconnections of Bhadla-III & Bikaner III Complex [SPV Name POWERGRID BHADLA BIKANER TRANSMISSION LIMITED],26.9124,75.7873,1382.0,77.39,45.5,57.31
615337,Additional Transmission System for evacuation of Power from Bhadla-III PS as part of Rajasthan REZ Phase III Scheme [20 GW] [SPV Name POWERGRID Bhadla-III Power Transmission Limited],26.9124,75.7873,369.0,95.8,70.0,87.1
615338,TRANSMISSION SYSTEM FOR EVACUATION OF POWER FROM RAJASTHAN REZ PH -IV [PART-2 5.5 GW] [JAISALMER/BARMER COMPLEX] PART F [SPV Name POWERGRID BARMER I TRANSMISSION LIMITED],26.9124,75.7873,2735.0,67.62,41.0,47.28
617181,"Augmentation at Fatehgarh-II PS, Fatehgarh-IV PS [Section-II] and Barmer-I PS [POWERGRID Fatehgarh Barmer Augmentation Transmission Limited]",26.9124,75.7873,404.0,62.9,8.0,17.2
616671,Transmission System under ISTS for evacuation of Power from Kudankulam Unit-3&4 [2x1000 MW] [SPV Name POWERGRID Kudankulam Tarnsmission Limited],13.0827,80.2707,548.0,73.0,38.0,23.78
617269,Transmission System for Strengthening to facilitate evacuation of power from Bhadla/Bikaner Complex,26.8467,80.9462,212.81,83.15,6.0,12.07
617412,"Construction of One Tower of Office Complex and another Tower of Residential quarters i/c internal water supply, sanitary installation and all development and bulk services, Horticulture works on EPC Mode-I basis i/c comprehensive operation and maintenance of Civil, E&M services for 7 years after completion of original",17.385,78.4867,644.0,61.61,29.3,26.0
707229,"Total (1) 644.00 188.69 Integrated Command control Center [ICCC] - Construction and Development of Integrated Command Control Center with Security, Surveillance, ITMS, Connecting Port, Ship Service, Smart Solid Waste Management, Smart Public Transport System Andaman &",22.5937,78.9629,230.0,100.0,16.24,97.0
400188,Redevelopment of Seven General Pool Residential Accommodation [GPRA] Colonies in Delhi,28.6139,77.209,32841.0,100.0,43.76,46.7
701719,Rehablitation in Junavadaj Area Smart City Project (ministry of housing and urban affairs),23.2156,72.6369,539.0,100.0,115.67,98.5
701766,Green Building Development Project (ministry of housing and urban affairs),30.0668,79.0193,206.0,95.41,28.89,40.3
702627,Total (4) 33749.85 15090.75 Patna Metro Rail Project,25.5941,85.1376,13365.77,89.97,38.89,50.05
617207,Delhi Metro Rail Phase-IV [2 Corridors],28.6139,77.209,8399.81,48.3,2.18,4.31
619031,Delhi Metro Rail Phase V A,28.6139,77.209,12014.91,19.81,2.21,5.65
702632,DMRTS Phase - IV [3 Priority Corridors],28.6139,77.209,24948.65,95.46,85.86,83.46
702630,Surat Metro Rail Project,23.2156,72.6369,12020.32,92.71,77.64,81.9
619022,"Metro connectivity from Millennium City Centre to Cyber City with Spur to Dwarka Expressway, Gurugram.",30.7333,76.7794,5452.72,68.52,3.55,10.05
612878,Bangalore Metro Rail Project - PHASE-3 (Bengaluru Metro Rail),12.9716,77.5946,15611.0,3.34,0.0,3.8
702635,Construction of Bangalore Metro Rail Project Phase 2. (Bengaluru Metro Rail),12.9716,77.5946,30695.12,99.17,97.2,95.8
702665,Construction Bangalore Metro Rail Project Phase-2A & 2B (Bengaluru Metro Rail),12.9716,77.5946,14788.1,100.0,73.56,67.5
702664,Kochi Metro Rail Phase 2 Development Project,8.5241,76.9366,1957.05,93.63,41.74,41.2
702625,Bhopal Metro Rail Project,23.2599,77.4126,6941.4,80.83,64.81,62.7
702626,Indore Metro Rail Project,23.2599,77.4126,7500.8,76.81,67.91,65.48
617225,PCMC To Nigdi- Extension Of North South Corridor Of Phase-1,19.076,72.8777,960.18,87.04,33.6,49.12
617226,Pune Metro Phase-1 Extension line towards south from Swargate to Katraj,19.076,72.8777,2954.53,42.51,6.43,9.04
617327,Thane Integral Ring Metro Rail Project,19.076,72.8777,12200.1,38.23,0.83,10.04
618971,Pune Metro Rail Project Phase-2 Corridor 2A Vanaz to Chandani Chowk and Corridor 2B Ramwadi to Wagholi/Vitthalwadi,19.076,72.8777,3626.24,27.04,0.45,2.4
618985,Pune Metro Rail Project Phase-2 Line-4 Kharadi to Khadakwasla with Spur Line 4A Nal Stop - Warje - Manikbaug,19.076,72.8777,9857.85,13.25,0.09,1.51
701745,New Suburba Station Development Project (ministry of housing and urban affairs),19.076,72.8777,262.76,100.0,62.11,48.0
701991,Kalyan Station Precinct Imporvement Project (ministry of housing and urban affairs),19.076,72.8777,723.7,100.0,73.24,85.0
702637,Mumbai Metro Line 3,19.076,72.8777,37276.0,100.0,96.47,99.21
702658,Nagpur Metro Rail Phase II Development Project,23.84495,75.04335,6708.0,73.27,32.23,42.11
617206,"Delhi Metro Rail Phase-IV [Rithala - Kundli Corridor] (Delhi Metro Rail Corporation Limited [DMRC]) Multi-States (Delhi,",30.7333,76.7794,6230.99,39.43,12.85,5.36
245986,Jaipur Metro Rail Project Phase 2 (Prahladpura to Todi Mod),26.9124,75.7873,13037.66,6.02,0.01,1.79
612066,Rajasthan Metro Rail Project Phase 1C from Badi Chaupar to Transport Nagar via Galta Gate,26.9124,75.7873,980.08,81.35,10.51,0.0
612068,Jaipur Metro Phase 1D Project from Mansarovar to Ajmer Road Chauraha,26.9124,75.7873,204.81,100.0,11.4,12.48
702668,Chennai Metro Rail Phase-II Development Project,13.0827,80.2707,63246.0,65.67,54.86,55.73
616221,"Extension of Aqua Line Metro Corridor from Noida Sector-142 station to Botanical Garden, Noida of Noida Metro Rail Corporation",26.8467,80.9462,2254.35,10.4,0.0,0.0
619052,LUCKNOW METRO RAIL PROJECT PHASE-1B EAST WEST CORRIDOR,26.8467,80.9462,5801.05,5.07,0.0,2.0
702628,Kanpur Metro Rail Project,26.8467,80.9462,11076.48,92.04,85.43,83.0
702629,Agra Metro Rail Project,26.8467,80.9462,8379.62,87.15,76.0,73.0
702674,"Total (30) 320872.37 178627.24 ESR - 8 nos., distribution system - 216 Km, new house service connections - 38760 nos. upgrading of feeder mains, pumping station etc. - Phase II",16.5062,80.648,172.22,99.97,51.6,82.0
702699,Muzaffarpur Storm Water Drainage Phase-I Project,25.5941,85.1376,158.78,100.0,85.48,85.0
702734,Sewerage Management Scheme Part-3 Implementation,30.7333,76.7794,278.01,99.01,82.19,88.0
702741,Dhanbad Water Supply Infrastructure Project,23.3441,85.3096,216.55,100.0,59.64,76.0
702742,SAAP-3 Water Supply Infrastructure SAAP-3 Project,23.3441,85.3096,159.31,100.0,54.92,67.0
702746,Augmentation and Strenghthning of Urban Water Supply Phase 1 - SAAP 3,23.3441,85.3096,278.28,100.0,67.02,81.0
702760,Belgavi Improvement in Sewerage System Project,12.9716,77.5946,162.73,100.0,48.85,80.0
702793,Indore Water Supply Infrastructure Project,23.2599,77.4126,287.17,100.0,87.93,99.0
702808,Satna Sewerage Management and Treatment Infrastructure Project,23.2599,77.4126,215.89,99.97,92.79,96.0
702810,Singrauli Sewerage Management and Treatment Infrastructure Project,23.2599,77.4126,438.1,100.0,84.72,90.0
702833,Kalyan-Dombivali Water Supply Infrastructure Project,19.076,72.8777,194.2,99.96,70.32,75.0
703021,Jalandhar Water Supply Infrastructure Project,30.901,75.8573,266.64,99.95,60.39,90.0
703057,Patiala Water Supply Infrastructure Part-2 Project,30.901,75.8573,287.0,99.95,74.44,99.0
702949,Jhansi Water Supply Infrastructure Phase-II Project,26.8467,80.9462,561.74,99.96,90.17,95.0
702958,Lucknow Sewerage Management Infrastructure Project,26.8467,80.9462,173.21,99.96,88.13,95.0
617280,"Total (15) 3750.55 2930.11 Construction of Basement + Ground Floor+ 10 Storeyed building for State of the Art Director General, GSI Building at plot No.GN-40, Sector-V, Salt Lake, Kolkata",22.5726,88.3639,255.37,99.96,38.74,64.0
400426,Total (1) 255.37 98.94 Expansion of Malanjkhand Copper Project,23.2599,77.4126,3800.0,81.43,26.79,28.0
400141,Expansion of Alumina Refinery Plant with addition of 5th Stream having capacity enhancement of 1.0 Million Tonee Per Annum,20.2961,85.8245,5677.4,100.0,88.48,95.64
400299,Pottangi Bauxite Mines Project,20.2961,85.8245,1960.77,97.01,39.29,52.4
709831,SOURCING OF BAUXITE ARRANGEMENT FOR 5TH STREAM ALUMINA REFINERY FROM SOUTH BLOCK MINING LEASE OF PANCHPATMAILI MINES,20.2961,85.8245,483.0,100.0,93.97,93.18
709832,25.5 MW WIND POWER PROJECT AT KAYATHAR IN TAMILNADU,13.0827,80.2707,166.0,100.0,81.33,70.0
613008,Total (5) 7989.36 7400.84 Construction of Permanent Campus of Central Tribal University of Andhra Pradesh Phase-1,16.5062,80.648,305.0,76.13,22.21,44.5
612898,Construction of Permanent Campus of National Institute of Technology Arunachal Pradesh,27.0844,93.6053,592.61,100.0,93.03,80.0
606112,Tezpur University Projects (Tezpur University),26.1445,91.7362,153.71,100.0,173.14,97.98
606013,Additional Campus of NITPatna,25.5941,85.1376,499.21,100.0,90.13,98.6
617877,"Phase B Construction of Permanent Campus of IIT Bhilai (Indian Institute of Technology, Bhilai)",21.2514,81.6296,1188.97,21.02,0.16,0.0
612851,"Phase 1B - Construction of Academic Block, Hostel, Residential Tower, Directors Residence and External Development works at National Institute of Technology, Delhi Campus on Engineering, Procurement and Construction basis",28.6139,77.209,336.42,100.0,100.0,100.0
616886,Delhi University Eastern Campus at Surajmal Vihar (Delhi University),28.6139,77.209,373.0,89.29,8.45,14.0
612916,"Construction of permanent campus of Central University of Gujarat at Village kundhela, Dist. Vadodara, Gujarat.",23.2156,72.6369,490.63,100.0,69.76,86.0
602099,"Establishment of Permanent campus Phase 1 of IIM Sirmaur (Indian Institute of Management, Sirmaur)",31.1048,77.1734,454.78,99.95,74.68,98.6
612128,"Hostel blocks & dining hall block (Indian Institute of Technology, Mandi)",31.1048,77.1734,166.66,96.5,82.96,93.0
612894,"Construction of Permanent Campus of Central University of Himachal Pradesh at Dehra, District - Kangra, [H.P.] on Engineering. Procurement and Construction [EPC Mode 1] Basis.",31.1048,77.1734,300.45,100.0,74.42,86.0
602098,"Construction of Permanent Campus for IIM Jammu Phase-1 at Jagti, Nagrota, Jammu, J&K Jammu and",22.5937,78.9629,500.91,100.0,96.73,96.0
606431,CONSTRUCTION OF PERMANENT CAMPUS FOR IIT PALAKKAD UNDER PHASE 1A,8.5241,76.9366,1217.4,100.0,56.37,86.5
617878,Phase B of Construction of Permanent Campus of IIT Palakkad,8.5241,76.9366,1527.0,21.02,0.64,0.0
611957,"Phase III A works at IIT Indore [03 Hostels, 01 Studio Apartment, 01 Housing, Heavy & Sophisticated lab complex, Academic POD and Infrastructure for center of excellence]",23.2599,77.4126,496.28,82.14,19.62,67.5
612885,Construction and Developement of National Institute of Technology Meghalaya Permanent Campus at Sohra,25.5788,91.8933,429.7,98.6,87.93,97.5
612876,"Construction of Permanent Campus for NIT Mizoram at Lengpui, Aizawl",23.7271,92.7176,474.23,100.0,35.33,4.0
613013,Establishment of NIT Nagaland,25.6751,94.1086,275.63,100.0,95.51,98.0
610315,"IISER BERHAMPUR (Indian Institutes of Science Education and Research, Behrampur)",20.2961,85.8245,843.09,100.0,103.68,98.5
611961,"Construction of IIT Bhubaneswar -Phase III (Indian Institute of Technology, Bhubaneshwar)",20.2961,85.8245,454.27,89.82,22.49,10.45
619033,"1000 seater Boys hostel, 500 seater Girls hostel, 1.5 MLD Sewage Treatment Plant and Faculty Residence - 72 nos. Flats",20.2961,85.8245,198.97,72.02,26.64,50.0
612877,"Establishment of NIT Puducherry Permanent Campus [Phase-I and Phase-II] (National Institute of Technology, Puducherry)",11.9416,79.8083,544.34,100.0,99.89,99.5
605292,"Construction of Permanent Campus of Indian Institute of Management [IIM] Amritsar, Punjab, Phase-I",30.901,75.8573,386.86,95.98,75.8,91.7
617221,"Construction of Girls Hostel 400 seater, Boys Hostel 600 seater, Academic Block, International Hostel 100 seater, VC Residence and Purchase of Equipment",30.901,75.8573,210.99,53.23,46.93,58.0
609736,"Construction of Sikkim University Campus Phase-I Package-II at Yangang, South Sikkim",27.3389,88.6065,340.55,96.42,85.74,96.5
612883,Establishment of Permanent Campus of NIT SIkkim at Khamdong-Gangtok District,27.3389,88.6065,610.76,87.76,46.43,38.0
609996,"Construction of Precast housing and hostels at IIT Hyderabad (Indian Institute of Technology, Hyderabad)",17.385,78.4867,262.0,100.0,85.36,90.39
606479,Banaras Hindu University [ Kayakalp of Institute of Medical Sciences] (Banaras Hindu University),26.8467,80.9462,246.0,87.05,86.32,99.1
611963,"Construction & Development of Infrastructural Facilities in the main campus of NIT Uttarakhand at Sumari, Pauri Garhwal",30.0668,79.0193,650.85,68.19,61.7,63.0
609019,"HEFA projects on development of student hostels, playgrounds, departmental buildings, class room complex and other campus facilities in IIT Kharagpur",22.5726,88.3639,442.0,95.61,94.76,97.0
400081,"Total (30) 15165.68 8632.49 National Sports University [NSU], Imphal [Manipur]",24.817,93.9368,611.74,99.94,94.37,97.5
709754,"Total (1) 906.47 577.32 Construction of LPG Facilities at Kamardanga, Assam",26.1445,91.7362,156.36,78.84,72.97,83.8
709755,"Setting up of new rail fed POL facility at Kamardanga, Assam",26.1445,91.7362,384.04,78.84,65.12,87.5
617839,Capacity Augmentation of Kandla LPG Import Terminal [KLIT] from 0.6 MMTPA to 2.5 MMTPA,23.2156,72.6369,304.4,100.0,55.2,68.0
604833,"Andheri Residential Towers, Mumbai",19.076,72.8777,389.67,91.65,72.17,86.0
619313,Setting up of 50 MW [plus/minus 5 percent] Wind Power Plant for Captive Consumption at MR,19.076,72.8777,483.14,82.95,78.78,77.9
617829,LPG Bottling Plant at Mualkhang,23.7271,92.7176,225.71,56.76,14.38,34.0
709759,"Petrochemical evacuation marketing terminal at Barmer, Rajasthan",26.9124,75.7873,461.05,88.78,54.7,97.5
400043,Laying of POL Pipelines in Common Corridor for proposed grass root terminal at Vallur [Chennai],13.0827,80.2707,829.0,88.7,46.14,81.0
400301,Multi Product Pipeline from Irugur to Devangonthi,13.0827,80.2707,1732.0,99.37,69.65,86.4
400012,Kandla Gorakhpur LPG Pipeline,26.8467,80.9462,10088.0,97.83,84.3,96.0
604852,"Grass-root Terminal at Mirzapur, Uttar Pradesh",26.8467,80.9462,980.45,93.89,31.45,77.2
701349,Paradip-Numaligarh Crude Oil Pipeline [PNCPL] & Crude Oil Import Terminal [COIT] at Paradip,22.5726,88.3639,12407.0,97.81,90.02,93.2
400120,Total (12) 25151.96 23048.58 KG-DWN-98/2 Cluster - II Development Project - NELP Block,16.5062,80.648,34012.0,99.17,97.59,96.9
619226,Provision of four bitumen tanks with capacity of 5 TMT each at Visakh Refinery,16.5062,80.648,258.34,36.51,3.36,20.2
709752,HP-COAT [Crude to Olefins and Aromatics Technology] demo unit at Visakh Refinery,16.5062,80.648,220.0,90.65,72.25,94.0
604791,Numaligarh Refinery Expansion Project,26.1445,91.7362,25313.0,91.25,80.64,87.0
604863,Development of Surface Facilities for production and evacuation of Crude Oil and Natural Gas from Nadua and East Khagorija,26.1445,91.7362,726.93,96.22,82.69,94.4
616858,"Construction of Field Gas Gathering Station at Baghjan area for collection, processing & transportation of natural Gas to be produced from Baghjan Field",26.1445,91.7362,430.76,95.7,80.94,95.9
617827,"Pipeline Rehabilitation Project, Phase-II",26.1445,91.7362,680.0,33.24,1.99,29.0
617836,Coke Drum Structure Package,26.1445,91.7362,635.28,100.0,73.11,72.0
619316,"Group Gathering Station, Lakwagaon",26.1445,91.7362,495.59,41.51,4.04,7.8
709776,Augmentation/Revamping of Facilities at existing Guwahati Terminal at Betkuchi,26.1445,91.7362,323.09,98.02,73.09,84.3
709779,Capacity Expansion of Digboi Refinery from 0.65 to 1.0 MMTPA,26.1445,91.7362,740.0,81.95,33.9,60.1
709847,Pipeline Network Project Rudrasagar,26.1445,91.7362,481.03,84.27,49.65,55.4
709850,Borholla GGS Life Extension Project [BLEP],26.1445,91.7362,198.7,83.32,55.86,63.5
709864,DCU Revamp Project,26.1445,91.7362,370.0,89.55,83.89,80.5
709865,Power Recovery Turbine [PRT] in PFCCU unit as an Energy Conservation Scheme,26.1445,91.7362,293.5,90.82,27.88,99.0
617304,"Setting up of LPG Plant with Rail Unloading Facility at Hathua, Dist. Gopalganj, Bihar",25.5941,85.1376,340.15,82.92,54.74,56.0
701324,Barauni Refinery Capacity Expansion from 6.0 to 9.0 MMTPA,25.5941,85.1376,16724.0,95.13,78.27,91.8
709777,Installation of Bitumen Manufacturing Unit along with allied facilities at Barauni Refinery,25.5941,85.1376,410.3,84.57,30.36,66.3
709792,"City Gas Distribution Projects at Darbhanga, Madhubani, Supaul, Sitamarhi and Sheohar districts",25.5941,85.1376,3638.0,50.55,13.58,33.6
709793,"City Gas Distribution Projects at Gopalganj, Siwan, West Champaran, East Champaran and Deoria districts",25.5941,85.1376,3919.0,48.85,13.45,30.3
617819,"City Gas Distribution [CGD] Project in Kondagaon, Bastar, Sukma, Narayanpur, Bijapur & Dantewada GA",21.2514,81.6296,557.04,52.05,2.09,2.2
400087,Redevelopment of Sobhasan Complex,23.2156,72.6369,1347.61,89.55,78.83,95.6
400167,Redevelopment of Santhal Field [Onshore-Mehsana Asset],23.2156,72.6369,1162.56,96.57,97.0,96.8
400169,Redevelopment of Linch Field,23.2156,72.6369,845.42,96.91,73.6,93.7
701329,Petrochemical and Lube Integration Project at Gujarat Refinery,23.2156,72.6369,17825.0,95.87,77.99,89.6
709778,Installation of new Biturox Unit along with allied facilities at Gujarat Refinery,23.2156,72.6369,344.36,93.15,63.36,87.7
709838,Commercial Polymer Flooding Project in Bechraji field,23.2156,72.6369,739.02,85.92,37.95,50.0
709840,"Restoration of Gas Terminal, Phase-I [Part-A], Hazira",23.2156,72.6369,249.43,100.0,88.02,97.6
709841,Old Pipe Line Replacement [OPRP] Group-A,23.2156,72.6369,169.84,95.23,99.05,94.6
709842,"Kalol Redevelopment Project, Ahmedabad Asset",23.2156,72.6369,1487.41,87.27,63.63,66.0
709845,"Revamping of SV Stations, Gas Terminal & Kribhco Terminal",23.2156,72.6369,1119.86,99.93,41.97,70.9
604853,"Indian Oil Technology Development and Deployment Centre at R&D Campus-II, Faridabad",30.7333,76.7794,3200.0,88.65,60.06,65.4
611917,Poly Butadiene Rubber plant at Panipat,30.7333,76.7794,2531.44,92.91,61.63,90.1
701289,Capacity Expansion of Panipat Refinery from 15 to 25 MMTPA,30.7333,76.7794,36225.0,94.22,77.31,94.3
709783,"Installation of Multiple Effect Evaporator [MEE] for ETP-1, 2 & 4 of Panipat Refinery and Petrochemical Complex.",30.7333,76.7794,247.69,97.09,78.07,92.5
709773,"City Gas Distribution Project at Jammu, Udhampur, Reasi, Samba and Kathua Districts Jammu and",22.5937,78.9629,538.0,35.32,0.83,0.6
610984,Development of Jharia CBM Block [Phase-1],23.3441,85.3096,431.0,98.72,62.12,66.2
709785,Laying of Natural Gas Pipeline from Hazaribagh to Ranchi [HRPL],23.3441,85.3096,202.07,85.7,32.65,58.4
612790,Power System Upgradation Project,12.9716,77.5946,385.0,97.0,70.48,90.4
616879,Demo Bio-ATF Project,12.9716,77.5946,364.0,85.14,25.11,54.8
701338,City Gas Distribution Maharashtra Natural Gas Limited,12.9716,77.5946,5535.0,80.97,80.97,47.0
709774,Revamping/ Augmentation of facilities at existing port terminal at Mangalore,12.9716,77.5946,500.62,84.57,65.45,85.6
617838,Augmentation of CCKPL and IDPL Pipelines capacity along with setting up of Palakkad TOP,8.5241,76.9366,1130.0,48.81,28.73,48.8
709799,Setting up Polypropylene Unit at Kochi Refinery,8.5241,76.9366,4850.0,69.5,21.15,45.2
617830,C2/C3 Vijaipur Pata Pipeline,23.2599,77.4126,1792.0,84.21,30.2,73.0
709798,Ethylene Cracker Project at Bina Refinery including downstream Petrochemical Plants and expansion of Refinery,23.2599,77.4126,43367.0,64.97,14.08,33.5
400168,"500 KTA PDHPP Project, Usar",19.076,72.8777,11256.0,86.46,78.73,91.9
616933,Lube Modernization & Bottom Upgradation Project at Mumbai Refinery,19.076,72.8777,6008.0,35.62,5.24,14.1
619223,Petro Resid Fluidized Catalytic Cracking [PRFCC] Unit and its associated facilities at Mumbai Refinery,19.076,72.8777,13626.0,28.79,0.69,7.2
619224,Augmentation of DUPL-DPPL Pipeline,19.076,72.8777,844.0,42.33,0.14,8.2
619225,Installation of Compression facility at GAIL Usar,19.076,72.8777,260.2,66.58,0.0,0.0
619328,ONGC-BP Redevelopment Phase-1 Scheme of Mumbai High Field,19.076,72.8777,3908.0,56.08,58.97,56.3
709771,"City Gas Distribution Project at Beed, Jalgaon and Jalna Districts",19.076,72.8777,865.0,46.47,10.32,3.4
709780,Construction of Additional Tankages and Allied Facilities at JNPT Terminal,19.076,72.8777,436.14,99.94,69.93,72.9
709797,POL & LOBS Installations with Receipt Pipelines at Rasayani,19.076,72.8777,2585.0,100.0,58.32,87.3
616254,Visakh Raipur Pipeline Project Multi-States,20.77375,83.72705,2212.0,63.74,25.77,38.4
619196,Change of service of existing Mundra-Panipat Pipeline [Panipat - Churwa section] from Crude oil to Product Multi-States,26.953767,75.067867,359.0,65.14,14.64,43.3
709786,"Augmentation/ Revamping of Dimapur Depot, Dimapur",25.6751,94.1086,227.62,70.51,12.31,43.0
604859,Integrated Para Xylene [PX] and Purified Terephthalic Acid [PTA] Project at Paradip Refinery,20.2961,85.8245,11783.0,99.95,75.28,94.9
617818,"City Gas Distribution [CGD] Project in Gajapati, Kandhamal, Boudh, & Sonepur GA",20.2961,85.8245,514.91,45.71,5.0,5.8
709800,"CUF POL Depot at Sadashibpur [Meramundali], Odisha",20.2961,85.8245,393.54,98.38,59.28,86.0
400119,Life Extension of 48 well platforms of Mumbai High & Heera Fields,15.0,73.0,3375.9,98.43,92.51,90.0
616950,PRP-VIII [Group-A],15.0,73.0,1486.4,100.0,42.35,60.2
619314,Pipeline Replacement Project- PRP-IX,15.0,73.0,6175.0,57.05,15.86,23.5
709839,Daman Upside Development Project,15.0,73.0,6406.9,92.52,98.37,92.9
709848,MHN TCPP PGC BGC Project [MTPBP],15.0,73.0,2354.23,92.52,81.99,95.6
709849,PRP-VIII Group B [NH & BS Asset],15.0,73.0,3348.6,86.53,89.71,98.7
709851,Integrated Development of 4 Contract Areas under DSF-II,15.0,73.0,6183.79,82.95,33.2,47.4
400171,2G Ethanol Biorefinery at Bathinda,30.901,75.8573,1421.46,94.89,90.85,95.9
612853,Gurdaspur Jammu Pipeline,30.901,75.8573,521.9,100.0,62.54,91.1
709770,City Gas Distribution Project at Pathankot District,30.901,75.8573,151.0,38.39,5.97,2.0
701330,Mehsana-Bhatinda & Bhatinda-Jammu Natural Gas Pipeline,26.9124,75.7873,7392.0,100.0,86.05,90.2
709794,"City Gas Distribution Projects at Fazilka [except area already authorized], Ganganagar and Hanumangarh districts",26.9124,75.7873,3207.0,48.85,13.39,31.1
604795,CBR 9 MMTPA Project,13.0827,80.2707,36354.0,100.0,4.44,10.2
701228,Kochi - Koottanad - Bangalore - Mangalore Pipeline Phase-II,13.0827,80.2707,5909.0,99.49,82.62,97.4
709750,Laying of new 28 inch Desal Water Pipeline and 10 inch Reject Water Pipeline between CPCL Manali Refinery and CPCL Desalination plant at Ennore,13.0827,80.2707,205.0,88.45,57.5,76.9
709796,City Gas Distribution Projects at the Nilgiris and Erode districts,13.0827,80.2707,3685.0,50.55,8.23,25.5
617822,ATF Pipeline from BPCLs Malkapur POL Installation to Hyderabad International airport,17.385,78.4867,215.0,56.56,21.8,29.1
701346,North East Gas Grid,23.8315,91.2868,9265.0,79.97,75.64,88.2
709837,"Creation of Gas Dehydration Facilities, Tripura Asset",23.8315,91.2868,131.51,96.3,61.83,71.3
619191,Kanpur LPG Bottling Plant,26.8467,80.9462,202.0,45.62,65.72,62.5
619312,Bulk Loading Hub- Kanpur,26.8467,80.9462,186.0,45.62,56.04,62.5
709781,Revamping / Augmentation of Facilities at Mathura Bitumen Plant,26.8467,80.9462,260.12,92.79,9.07,57.3
709795,"City Gas Distribution Projects at Lakhimpur Kheri , Sitapur, Bahraich, Shravasti,Balrampur, Siddharth Nagar & Maharajganj districts",26.8467,80.9462,16654.0,48.85,4.53,19.8
617302,Durgapur - Haldia Pipeline [Section-3B of JHBDPL Project],22.5726,88.3639,2583.0,99.08,92.17,95.7
617828,Siliguri-Jhapa Pipeline Project,22.5726,88.3639,267.0,38.89,1.19,16.5
617837,Siliguri Marketing Terminal [SMT] Capacity Augmentation Project,22.5726,88.3639,484.0,96.55,65.98,89.0
701344,Dhamra Haldia Pipeline Project,22.5726,88.3639,1125.0,98.65,82.44,94.4
709753,Haldia Panagarh Pipeline Project,22.5726,88.3639,1107.0,99.93,79.87,98.3
709772,"City Gas Distribution Project at East Mednipore, West Mednipore & Jhargram Districts",22.5726,88.3639,609.0,47.74,10.58,3.0
709791,City Gas Distribution Projects at Alipurduar and Cooch Behar,22.5726,88.3639,1017.0,50.55,23.44,43.8
701172,Total (91) 362394.10 204670.66 AIIMS Darbhanga,25.5941,85.1376,2006.07,66.95,2.01,1.12
706965,Establishment of new GMC Saran [Chhapara],25.5941,85.1376,189.0,,60.0,0.0
706966,Establishment of new GMC Samastipur,25.5941,85.1376,189.0,,60.0,0.0
707016,Establishment of new GMC Sitamarhi,25.5941,85.1376,250.0,,60.0,0.0
707017,Establishment of new GMC Jhanjharpur,25.5941,85.1376,250.0,,60.0,0.0
707018,Establishment of new GMC Siwan,25.5941,85.1376,250.0,,60.0,0.0
707019,Establishment of new GMC Buxar,25.5941,85.1376,250.0,,60.0,0.0
707020,Establishment of new GMC Jamui,25.5941,85.1376,500.0,100.0,20.64,50.0
707044,Establishment of new GMC Korba,21.2514,81.6296,322.85,89.37,55.6,55.0
707045,Establishment of new GMC Mahasamund,21.2514,81.6296,325.0,100.0,98.98,84.0
707046,Establishment of new GMC Kanker,21.2514,81.6296,325.0,76.62,11.38,45.0
617882,"Setting up IT Infrastructure including Network Security and Hosting at AIIMS, New Delhi",28.6139,77.209,358.19,91.23,15.0,40.0
617883,"Redevelopment of Residential colonies at Ayur Vigyan Nagar and West Ansari Nagar campuses of AIIMS, New Delhi",28.6139,77.209,4441.0,83.3,1.0,57.0
701170,AIIMS Rajkot,23.2156,72.6369,1195.0,95.75,67.4,94.0
707049,Establishment of new GMC Panchmahal,23.2156,72.6369,663.5,100.0,70.44,88.0
707050,Establishment of new GMC Porbandar,23.2156,72.6369,618.98,100.0,151.32,81.0
701173,AIIMS Majra Rewari Haryana,30.7333,76.7794,1646.43,95.7,45.41,67.45
701167,AIIMS Kashmir at Awantipora Jammu & Kashmir (PMSSY AND Institute of NATIONAL Importance) Jammu and,22.5937,78.9629,2570.19,95.66,62.35,79.0
707051,"Establishment of new GMc Udhampur (Medical Education, Ministry of Health and Family Welfare) Jammu and",22.5937,78.9629,325.0,88.7,68.31,75.0
707052,"Establishment of new GMC Handwara [Distt. Kupwara] (Medical Education, Ministry of Health and Family Welfare) Jammu and",22.5937,78.9629,325.0,,53.23,0.0
707021,Establishment of new GMC Koderma,23.3441,85.3096,504.8,99.89,53.68,40.0
707022,Establishment of new GMC Chaibasa [Singhbhum],23.3441,85.3096,454.1,100.0,14.31,57.0
707057,Establishment of new GMC Leh,34.1526,77.5771,325.0,,39.08,0.0
707058,Establishment of new GMC Rajgarh,23.2599,77.4126,325.0,100.0,55.23,86.0
707059,Establishment of new GMC Mandla,23.2599,77.4126,325.0,100.0,27.51,45.0
706988,Establishment of new GMC Gondia,19.076,72.8777,189.0,,60.0,40.14
706989,Establishment of new GMC West Garo Hills [Tura],25.5788,91.8933,189.0,,90.0,0.0
707067,Establishment of new GMC Mon,25.6751,94.1086,325.0,,47.69,0.0
707069,Establishment of new GMC Kapurthala,30.901,75.8573,550.0,0.0,9.09,0.0
707070,Establishment of new GMC Hoshiarpur,30.901,75.8573,374.75,15.11,0.54,5.0
707039,Establishment of new GMC Gangtok,27.3389,88.6065,635.21,100.0,105.04,92.0
701168,ALL India Institute of Medical Sciences-AIIMS Madurai,13.0827,80.2707,2021.51,97.83,26.76,54.0
701171,AIIMS Bibinagar,17.385,78.4867,1365.95,92.38,75.33,87.58
707086,Establishment of new GMC Rudrapur,30.0668,79.0193,325.0,88.1,108.62,95.0
707087,Establishment of new GMC Pithoragarh,30.0668,79.0193,768.89,90.82,61.14,78.0
612167,"Total (35) 21050.26 10844 Construction of 350 beds + 50 Super Specialty beds ESIC Hospital Sheelanagar, Visakhapatnam, Andhra Pradesh",16.5062,80.648,384.27,99.92,74.53,95.0
612186,350 Bedded [Upgradable to 500 beds] ESI Hospital at Sanand,23.2156,72.6369,558.12,81.62,10.0,28.0
612211,"Demolition, Construction and upgradation of ESI Hospital, Kalol, Gujarat from 50 beds to 150 beds.",23.2156,72.6369,205.87,91.75,25.13,58.0
612745,"Construction of 200 bed ESI Hospital at Bommasandra, Karnataka",12.9716,77.5946,278.0,70.91,28.96,35.0
612748,"Construction of 100 bed ESI Hospital and Staff Quarters [32 Nos.] at Harohalli, Karnataka",12.9716,77.5946,150.92,73.65,20.57,28.1
612213,"Construction of 200 Bedded ESIC Hospital at Butibori, Nagpur, Maharashtra.",19.076,72.8777,196.7,97.86,59.08,67.0
616691,"Upgradation & Extension of ESIC Hospital and Construction of PG Hostel / Staff Housing for ESIC Hospital at Andheri, Mumbai",19.076,72.8777,260.13,99.49,83.21,89.0
612513,"Construction of 100 Bedded ESI Hospital at Duburi, Odisha.",20.2961,85.8245,164.6,64.12,9.99,7.2
612259,CONSTRUCTION OF 300 BEDDED HOSPITAL AT HARIDWAR,26.335,83.1555,297.63,100.0,114.34,90.5
701565,"Total (9) 2299.24 1194.92 Jal Marg Vikas Project Multi-States (Inland Waterways Authority of India [IWAI]) (Bihar, Jharkhand,",24.70965,84.65505,5061.15,98.04,82.73,85.1
609424,"Total (9) 2299.24 1194.92 Jal Marg Vikas Project Multi-States (Inland Waterways Authority of India [IWAI]) (Bihar, Jharkhand, 479 4187.19 85.1 Total (1) 5369.18 4187.19 Development of Container Terminal at Tuna-Tekra, Deendayal Port on BOT Basis Under PPP Mode",23.2156,72.6369,4243.64,68.96,64.51,60.0
701570,"Replacement and revamping of pipeline projects in oil jetty area, Kandla",23.2156,72.6369,211.61,100.0,70.65,92.0
617804,Mechanization of Berth No.14 for handling Containers and other cargo on DBFOT basis - Phase II,12.9716,77.5946,153.23,78.76,63.6,95.0
701574,Deepening and Optimization of Inner Harbour facilities including development of Western Dock on BOT basis to handle Cape size vessels,20.2961,85.8245,3004.63,62.24,75.25,76.0
707215,Total (4) 7572.50 5245.77 National Maritime Heritage Complex [NMHC] Phase-I,23.2156,72.6369,1238.05,100.0,53.02,79.87
707410,Total (1) 573.00 656.38 Integrated Multi Modal Logistics Hub at Nangal Chaudhary in Haryana - Other Trunk Infrastructure Development Phase 1,30.7333,76.7794,763.0,72.68,56.36,60.0
617727,Total (1) 763.00 430 Orvakal Industrial Area,16.5062,80.648,2786.0,27.65,12.78,16.22
617729,Kopparthy Industrial Area,16.5062,80.648,2136.0,27.65,1.86,5.39
701658,Krishnapatnam Node - Phase 1 - Roads and Services Development,16.5062,80.648,2139.44,83.12,46.0,47.77
707420,Gaya Integrated Manufacturing Cluster IMC in Bihar,25.5941,85.1376,1339.02,11.04,0.0,5.0
701657,Tumakuru Node - Phase 1 - Roads and Services Development,12.9716,77.5946,1701.81,76.27,19.84,27.12
701668,Development of Palakkad Node under extension of CBIC to Kochi,8.5241,76.9366,3805.0,23.71,1.52,5.3
701662,IMC Rajpura - Patiala Development Project,30.901,75.8573,1367.72,16.61,0.0,3.4
603210,Development of Jodhpur Pali Marwar Industrial Area JPMIA in Rajasthan,26.9124,75.7873,921.66,23.14,0.0,6.32
601812,Development of Zaheerabad Node under Hyderabad Nagpur Industrial Corridor,17.385,78.4867,2360.0,16.42,1.82,4.87
707419,IMC at Prayagraj,26.8467,80.9462,658.0,28.4,11.49,27.79
701661,Development of IMC Khurpia Farms under AKIC Project,30.0668,79.0193,1265.37,16.61,0.0,3.23
615202,Total (11) 20480.02 1893.94 Capacity expansion of Deposit-14 and 14 NMZ at Kirandul,21.2514,81.6296,1756.2,72.03,16.63,23.09
505491,Total (1) 1700.00 292.01 Installation of 140 TPH Walking Beam type Reheating Furnace in Plate Mill at BSP (Steel Authority of India Limited (SAIL)),21.2514,81.6296,268.36,20.79,0.0,0.0
617243,Replacement of Hot Leveller No.1 of Plate Mill at Bhilai Steel Plant,21.2514,81.6296,198.62,100.0,65.07,82.79
617255,"Replacement of Converter Vessels, Trunnion Rings, Support System & Installation of Secondary Emission at Bhilai Steel Plant",21.2514,81.6296,471.83,96.82,56.4,74.3
617256,Rebuilding of Coke Oven Battery No.7 & 8 at Bhilai Steel Plant,21.2514,81.6296,884.1,96.71,78.48,94.73
706811,NMDC Slurry Pipeline Project Phase-1,21.2514,81.6296,5427.0,99.95,67.24,95.8
709826,SCREENING PLANT-III AT KIRANDUL,21.2514,81.6296,3062.39,84.04,57.3,83.42
944288,Super accelerated cooling system (Uniform Cooling) for high strength plates in Plate Mill at BSP,21.2514,81.6296,192.21,77.55,33.19,48.01
400174,"New Sinter Plant at BSL, SAIL",23.3441,85.3096,1752.3,92.84,58.67,64.26
617249,Replacement of existing Grinders in CRM-I & II at Bokaro Steel Plant,23.3441,85.3096,211.94,77.97,28.59,62.05
617250,Secondary Emission Control in Converters of SMS-II at Bokaro Steel Plant,23.3441,85.3096,207.13,69.07,49.95,55.91
617254,Replacement of remaining 04 sets of Battery Cyclones with 04 Nos. of ESPs in Sinter Plant-1 at Bokaro Steel Plant,23.3441,85.3096,260.37,77.72,48.98,53.15
617257,Rebuilding of Coke Oven Battery No.6 at Bokaro Steel Plant,23.3441,85.3096,627.31,67.99,55.38,68.07
400121,"Construction of Screening Plant-II for Donimalai and Kumaraswamy Iron Ore Mining Complex of NMDC Limited at Ballari Dt, Karnataka.",12.9716,77.5946,1043.63,99.87,62.24,70.33
478482,Stamp Charge Battery No.7 Coke Dry Cooling Plant at RSP (Steel Authority of India Limited (SAIL)),20.2961,85.8245,1064.55,19.74,6.94,0.0
589703,Implementation of Treatment System-2 Under ZLD at RSP (Steel Authority of India Limited (SAIL)),20.2961,85.8245,216.02,94.17,62.17,89.83
635651,"New Product Testing Laboratory for NPM, SPP & NHSM at RSP (Steel Authority of India Limited (SAIL))",20.2961,85.8245,155.26,51.91,36.22,71.75
738679,Stamp Charge Battery No.7 Battery Proper at RSP (Steel Authority of India Limited (SAIL)),20.2961,85.8245,2584.41,53.57,45.77,54.16
834015,Stamp Charge Battery No.12 By-product Plant at RSP (Steel Authority of India Limited (SAIL)),20.2961,85.8245,1140.07,53.57,18.21,22.59
364934,Stamp Charge Battery No.12 By-product Plant at IISCO Steel Plant (Steel Authority of India Limited (SAIL)),22.5726,88.3639,999.46,43.74,7.04,18.72
425828,Stamp Charge Battery No.12 Coke Dry Cooling Plant at IISCO Steel Plant (Steel Authority of India Limited (SAIL)),22.5726,88.3639,706.51,43.74,18.72,11.87
612781,Rebuilding of COB 4 at Durgapur Steel Plant,22.5726,88.3639,916.78,72.83,26.7,37.19
617242,Installation of New Bar Mill at Durgapur Steel Plant,22.5726,88.3639,2115.44,70.5,44.23,67.5
617246,Up-gradation of Blast Furnace No. 3 at Durgapur Steel Plant,22.5726,88.3639,758.09,61.0,41.69,62.17
617248,Third Ladle Furnace in Secondary Refinery Unit at IISCO Steel Plant,22.5726,88.3639,227.96,86.71,48.89,74.55
617251,Revamping of Air Pollution Control Systems of SP-1 at Durgapur Steel Plant,22.5726,88.3639,196.4,83.15,33.47,34.58
617338,Stamp Charge Battery No.12 Battery Proper at IISCO Steel Plant,22.5726,88.3639,2518.39,43.74,18.76,27.66
400298,Total (26) 24624.69 12876.92 Nadikude-Srikalahasti 308.7 km,16.5062,80.648,5906.03,87.4,42.93,2.0
611752,Doubling between Gooty-Pendakallu 29.225 km PB73/2023-24/NR,16.5062,80.648,351.83,74.94,42.45,0.0
611754,South Central Railway - Rail road over double line between Guntakal West-Mallapa Gate 9.64 km PB34/CR/2023-24,16.5062,80.648,293.3,100.0,31.17,0.0
611927,Kurnool - Setting up facilities for coach midlife rehabilitation workshop,16.5062,80.648,560.72,100.0,49.34,65.0
612827,Flyover between Pendurthi-Simhachalam North to avoid surface crossing at Simhachalam 7.135 km PB73/2023-24/NR,16.5062,80.648,183.65,76.4,13.85,21.0
616697,3rd & 4 th line Vadlapudi-Gate Jn. incl. tie line between Gangavaram Port- Visakhapatnam Steel Plant12.04 km PB73/2023-24/NR,16.5062,80.648,154.28,100.0,58.12,87.0
617216,South Central Railway- 3rd line between Gudur-Renigunta stations 83.17 km PB34/CR/2023-24,16.5062,80.648,877.34,75.82,6.09,0.0
705253,Kurnool Coach Midlife Rehabilitation Project,16.5062,80.648,560.72,97.29,171.08,75.01
616701,Lumding-Furkating section 140 km Umbrella work PB57/2019-20/NR,26.1445,91.7362,2123.7,46.91,9.43,1.0
705572,New Bongaigaon - Goalpara - Guwahati Kamakhya 176 km,26.1445,91.7362,4983.94,100.0,76.69,91.0
400254,Sakri-Hasanpur 79 km,25.5941,85.1376,802.45,92.63,76.73,80.0
617231,East Central Railway - Construction of Bulb line at Nabinagar Ankorah 17.49Km PB45/ECoR/2024-25.,25.5941,85.1376,611.74,4.28,0.0,0.0
617239,Narkatiaganj-Raxaul-Sitamarhi-Darbhanga & Sitamarhi-Muzaffarpur Sections doubling 256 km Umbrella work PB57/2019-20/NR,25.5941,85.1376,4079.96,6.5,0.46,0.0
705366,Hajipur-Sagauli via Vaishali 148.3 km,25.5941,85.1376,3991.33,95.49,71.24,74.0
705368,Araria-Supaul 92 km,25.5941,85.1376,2621.05,93.34,81.68,40.0
705373,Fatuah-Islampur incl. material modification for extension of new line from Neora to Daniawan Daniawan to Biharsharif Biharsharif to Barbigha Barbigha to Sheikhpura,25.5941,85.1376,3259.35,100.0,93.32,95.0
705450,Jogbani-Biratnagar New Rail Line project,25.5941,85.1376,486.0,97.88,76.02,86.5
705526,Samastipur-Darbhanga 38 km,25.5941,85.1376,973.56,100.0,76.71,92.0
705527,Sagauli - Valmikinagar 109.7 km,25.5941,85.1376,1558.77,100.0,93.69,91.0
705528,Muzaffarpur - Sagauli 100.6 km,25.5941,85.1376,1744.84,100.0,89.11,99.0
706759,Rampur Dumra-Tal-Rajendrapul - Addl bridge and doubling 14 km,25.5941,85.1376,2535.13,100.0,80.0,95.0
706860,Barauni-Bachwara 16 km - 3rd & 4th line incl Barauni yard remodelling 32 km Umbrella work PB57/2019-20/NR,25.5941,85.1376,485.58,89.79,47.04,38.0
900874,Jhajha - Batia 20 km Umbrella work PB23/2018-19/NR,25.5941,85.1376,588.18,8.83,4.51,0.0
400220,Kharsia-Dharamjaygarh with Spur line [East Corridor-Phase 1],21.2514,81.6296,3798.06,97.39,73.46,95.15
400291,Kirandul-Jagdalpur 150 km,21.2514,81.6296,1798.0,95.23,76.14,89.0
602792,Gauge Conversion of Kendri-Dhamtari including Abhanpur - Rajim Branch line 67.20 Kms - 2nd Material Modification to Raipur Titlagarh doubling.,21.2514,81.6296,1171.0,100.0,38.32,100.0
612815,Nipania-Bhatapra 14.4 km 4th line PB72/NR/2022-23,21.2514,81.6296,170.49,85.42,7.11,3.0
705433,Dallirajhra- Rowghat New Railway Line - Phase I [95 km],21.2514,81.6296,1628.0,100.0,88.5,82.0
705444,Gevra Road-Pendra Road New Railway Line [135 km],21.2514,81.6296,7448.52,97.34,71.52,83.36
706854,Boridand-Ambikapur 118.81 km Umbrella work PB57/2019-20/NR,21.2514,81.6296,1576.72,38.63,31.67,38.0
709818,4th line - Rajnandgaon-Dongarhgarh 31.2 km PB72/NR/2022-23,21.2514,81.6296,328.34,81.27,29.91,5.0
709819,3rd & 4th line - Saragbundia & Madwarani 12.2 km PB72/NR/2022-23,21.2514,81.6296,167.64,91.03,16.96,10.0
705583,Anand Vihar-Tilak Bridge - 3rd & 4th line 9.77 km,28.6139,77.209,701.88,90.22,56.09,23.0
706865,Chandorgaon-Cansaulim rail flyover 16 km Umbrella work PB57/2019-20/NR,15.4909,73.8278,1892.0,49.97,0.0,0.0
611918,Kosamba- Umarpada 69.70 Km PB32/WR/2023-24,23.2156,72.6369,468.0,81.56,31.28,31.0
611943,New BG line between Naliya - Jakhau Port 24.88 Km,23.2156,72.6369,410.26,33.09,2.89,5.0
611945,Petlad-Bhadran 22.5 km,23.2156,72.6369,307.12,37.47,37.36,32.0
611970,Samlaya-Timba Road 53.53 km,23.2156,72.6369,670.17,38.54,29.11,25.0
611971,Samni-Jambusar 24.08 km,23.2156,72.6369,349.93,39.4,53.79,40.0
611974,Western Railway- Samakhiali-Gandhidham Quadrupiling 53 km PB34/CR/2023-24,23.2156,72.6369,1430.0,63.55,52.34,50.0
612072,Barejadi Nandej Geratpur - Sanand - 4th line 38.20 km,23.2156,72.6369,961.67,55.72,57.0,23.0
616983,Kosamba Umarpada GC PROJECT,23.2156,72.6369,467.58,78.69,15.09,16.0
705458,Miyagam-Karjan-Dabhoi-Samlaya 96.46 km- Gauge conversion with electrification,23.2156,72.6369,1015.07,32.79,80.41,34.0
706763,Rajkot-Kanalus 111.20 km,23.2156,72.6369,1205.18,100.0,91.92,90.0
709812,Nadiad-Petlad 37.26 km,23.2156,72.6369,461.91,36.95,30.79,30.0
709813,New BG line intersection 5 nos between Geratpur-Sanand & Botad-Ahmedabad 16.51 km PB29/NR/2022-23,23.2156,72.6369,463.95,54.77,100.0,22.0
611884,Doubling between Bhiwani - Dobh Bahali PB73/2023-24/NR,30.7333,76.7794,471.0,68.87,72.69,77.0
617372,Pradhankhunta Jn-Patherdih Bazar-Bhojudih 17.1 km Umbrella work PB57/2019- 20/NR,23.3441,85.3096,349.22,100.0,46.65,60.0
617832,Koderma-Barkakana Arigada 133 Km,23.3441,85.3096,2887.11,2.4,0.03,0.0
705765,Gomoh - Flyover for down trains 20 km,23.3441,85.3096,686.03,100.0,77.49,65.0
705785,Lodhma-Piska - Link line bypassing Hatia / Ranchi with Y connection 17.2 km,23.3441,85.3096,472.5,49.82,72.91,14.0
706837,Pradhan Kuntha Jn Line Doubling Project,23.3441,85.3096,349.22,74.92,41.68,72.0
400023,Construction of New BG line between Hassan to Belur [27 Km],12.9716,77.5946,749.0,15.6,0.46,0.5
705490,Gadag - Wadi 252 km,12.9716,77.5946,3668.17,87.07,61.39,35.0
705492,Kadur-Chickmagalur-Sakleshpur 93 km,12.9716,77.5946,1043.15,100.0,75.8,83.0
705493,Hubli-Ankola 167 km,12.9716,77.5946,533.32,45.55,34.93,10.0
705495,Bagalkot-Kudachi 142 km,12.9716,77.5946,1710.44,77.97,46.62,35.0
705496,Tumkur-Chitradurg-Davangere 199.7 km,12.9716,77.5946,1801.01,86.75,37.57,22.0
705663,Bangalore-Whitefield-Bangalore City-Krishnarajapuram 23.08 km - Quadrupling,12.9716,77.5946,717.54,100.0,64.1,70.0
705761,Shimoga-Shikaripura-Ranebennur 103 km umbrella work PB23/2018-19/NR,12.9716,77.5946,455.86,59.18,23.29,14.0
705941,Bangalore Suburban Railway Project,12.9716,77.5946,15767.0,61.93,20.79,20.02
705638,Kumbalam-Turavur - Patch doubling 15.59 km,8.5241,76.9366,1171.46,75.82,33.72,30.0
705639,Ernakulam-Kumbalam - Patch doubling 7.71 km,8.5241,76.9366,827.5,78.31,37.78,25.0
705419,Gwalior-Sheorpurkalan with extension to Kota 284 km,23.2599,77.4126,3947.0,100.0,77.75,91.0
705659,Satna - Rewa 50 km,23.2599,77.4126,646.1,100.0,95.68,88.0
705661,Katni - Grade separator / bypass 21.50 km,23.2599,77.4126,2300.0,99.03,79.98,84.0
705933,Nimach-Ratlam 133 km,23.2599,77.4126,1770.58,77.37,84.05,100.0
611751,Aurangabad-Ankai 98.25 km,19.076,72.8777,960.64,100.0,39.67,0.0
612845,Pachora-Jamner with extension upto Malkapur-Narrow gauge to broad gauge 84 km,19.076,72.8777,2093.82,36.57,14.07,10.0
613015,Redevelopment of Chhatrapati Shivaji Maharaj Terminus [CSMT] and construction of associated infrastructure,19.076,72.8777,1813.0,84.09,48.21,25.0
617215,Doubling between Parbhani-Parli Vaijnath stations 64.71 km PB34/CR/2023-24,19.076,72.8777,769.93,44.06,22.64,1.0
617364,Central Railway - Double chord line between Nilaje and Kopar 4.495 km PB34/CR/2023-24,19.076,72.8777,205.0,46.41,28.07,15.0
705356,Ahmednagar - Beed - Parli - Vaijnath New Broad Gauge Line Railway Project [261.3 km],19.076,72.8777,5942.48,100.0,85.06,93.0
705357,Baramati - Lonand 54 km,19.076,72.8777,1790.5,97.49,63.24,60.0
705479,Wadsa-Gadchiroli 49.5 km,19.076,72.8777,1880.61,82.48,54.0,69.0
705497,Wardha - Yavatmal Nanded Railway Line Project (Central Railways),19.076,72.8777,4030.69,97.54,100.55,47.0
705498,Kalyan-Kasara - 3rd line 67.62 km,19.076,72.8777,1395.5,97.01,83.11,73.0
705500,Wardha Sevagram-Nagpur - 3rd line 76.3 km,19.076,72.8777,899.52,98.46,92.97,88.0
705502,Wardha-Balharshah - 3rd line 132 km,19.076,72.8777,2603.11,100.0,72.79,86.0
705504,Daund - Manmad 247.50 km,19.076,72.8777,3554.74,100.0,89.78,95.0
705505,Wardha-Nagpur - 4th line 78.70 km,19.076,72.8777,1194.59,98.18,91.29,88.0
705506,3rd Line Manmad - Jalgaon [160 Kilometres],19.076,72.8777,1870.0,100.0,98.59,100.0
705735,Solapur-Osmanabad - New line via Tuljapur 84.44 km umbrella work PB23/2018- 19/NR,19.076,72.8777,1647.87,54.66,72.99,22.0
705391,Jiribam-Imphal 110 km,24.817,93.9368,21886.0,85.94,77.36,78.0
705491,Marikuppam-Kuppam 23.7 km Multi-States,14.7389,79.1213,502.13,100.0,29.02,20.0
705494,Rayadurg-Tumkur via Kalyandurg 213 km Multi-States,14.7389,79.1213,4612.0,91.14,41.34,65.0
705512,Kottavalasa-Koraput 189.278 km Multi-States,18.40115,83.23625,3580.41,86.97,64.24,74.0
400275,Tindivanam-Nagari 179.2 km Multi-States,14.79445,80.45935,3631.34,91.58,32.38,16.0
617210,Tirupati-Pakala-Katpadi Doubling 104.39 Km Item83/NR/2024-25 Multi-States,14.79445,80.45935,1215.56,33.26,0.0,0.0
705610,"Renigunta 9.60 km, Wadi 7.60 km & Gooty 3.8 km - Bypass Multi-States",14.79445,80.45935,850.74,100.0,49.53,50.0
616857,Doubling between Motumari Vishnupuram 88.81 km and Rail over Rail RoR at Motumari 10.877 Km Multi-States,16.9456,79.56735,1595.55,29.5,20.53,22.0
617214,"South Central Railway- Rail connectivity to Amaravati, Capital of Andhra Pradesh Errupalem- Amaravati- Namburu New line 57 km PB7/WR/2023-24 Multi-States",16.9456,79.56735,2047.4,21.98,7.57,0.0
705632,Vijayawada19.50 km & Kazipet10.65 km -Byepass line Multi-States,16.9456,79.56735,827.46,100.0,85.28,90.0
705401,Murkongselek-Pasighat 26.15 km Multi-States,26.61445,92.67075,1334.45,90.61,79.22,67.0
705394,Teteliya-Byrnihat 21.5 km Multi-States,25.86165,91.81475,1432.14,94.83,88.84,87.0
705392,Dimapur-Kohima 88 km Multi-States,25.9098,92.9224,15310.23,76.16,43.89,45.0
705375,Koderma-Tilaiya 68 km (CAO/Con/South/MHX ECR mor) Multi-States,24.4691,85.2236,2433.13,100.0,93.26,90.0
705385,Pirpainti - Jasidih 97 km (CAOC/ER ER mor) Multi-States,24.4691,85.2236,2700.43,17.29,65.75,40.0
616699,"Multi tracking of Son Nagar-Andal 374.53 rkm & 814.38 tkm PB34/ECOR/2023-24 Multi-States (CAO/Con/South/MHX ECR mor) (Bihar, Jharkhand,",24.70965,84.65505,12333.57,36.51,9.35,3.0
611669,"Multi tracking of Son Nagar-Andal 374.53 rkm & 814.38 tkm PB34/ECOR/2023-24 Multi-States (CAO/Con/South/MHX ECR mor) (Bihar, Jharkhand, 622 1152.79 3 NER Provision of Automatic Block Signalling on Gorakhpur Cantt[Excl] Chhapra Gramin & Burhwal Jn [Excl] Sitapur Jn section of high density routes Multi-States",26.2204,83.0419,380.47,66.63,67.98,25.0
617224,Gorakhpur-Valmikinagar Doubling project Multi-States,26.2204,83.0419,1120.0,64.38,39.53,32.0
617333,Construction of surface traingle between Bhadaura and new crossing station Karma Dildarnagar-Taraghat line 11.1 km PB72/NR/2022-23 Multi-States,26.2204,83.0419,199.96,81.03,32.03,0.0
705562,Chhapra-Ballia - Patch doubling 65 km Multi-States,26.2204,83.0419,1010.84,100.0,98.93,95.0
617245,Katihar-Kumedpur & Katihar-Mukuria 64.5 km Umbrella work PB57/2019-20/NR Multi-States,24.08335,86.75075,1961.0,84.82,48.6,65.0
705617,Rajnandgaon-Nagpur - 3rd line 228 km Multi-States,20.1637,77.25365,3544.92,100.0,88.68,95.0
709815,4th line - Bhatapara-Hathband 8.8 km PB72/NR/2022-23 Multi-States,20.1637,77.25365,177.03,71.89,11.91,3.0
709816,4th line - Bhilai-Bhilai nagar 8.8 km PB72/NR/2022-23 Multi-States,20.1637,77.25365,177.34,87.09,19.85,3.0
709817,4th line - Dadhapara-Belha 9.2 km PB72/NR/2022-23 Multi-States,20.1637,77.25365,169.06,93.06,38.7,10.0
705511,Jagdalpur-Koraput 110.22 km Multi-States,20.77375,83.72705,1547.38,93.48,89.32,90.0
705616,Jharsuguda - Bilaspur - 4th line 206 km Multi-States,20.77375,83.72705,2978.55,100.0,85.31,88.0
705728,Mumbai-Ahmedabad High Speed Rail Project- 508 km Multi-States (National High Speed Rail Corporation [NHSRC]) (Dadra & Nagar,23.635167,74.2412,108000.0,72.75,84.23,62.16
705793,"Maharashtra) Raising of speed to 160 kmph/200 kmph on existing New Delhi-Mumbai route incl. Multi-States (Delhi, Vadodara-Ahmedabad Gujarat, Madhya",24.984325,74.520325,8095.12,100.0,117.12,66.32
705237,"Maharashtra) Raising of speed to 160 kmph/200 kmph on existing New Delhi-Mumbai route incl. Multi-States (Delhi, Vadodara-Ahmedabad Gujarat, Madhya 09/2019 03/2024 6806.44 635 (PCE/WR) Pradesh, 9480.86 66.32 (705793) Maharashtra, Western Dedicated Freight Corridor Multi-States (DFCCIL) (Gujarat, Haryana,",24.278367,76.537067,124005.0,100.0,100.5,96.0
705453,"Dahod-Indore via Sardarpur, Jhabua & Dhar 200.97 km incl. material modification for change in alignment via Amjhera 4.82 km Multi-States",23.23775,75.02475,9217.23,97.21,48.92,57.0
705454,Chhota Udepur-Dhar 157 km Multi-States,23.23775,75.02475,1993.65,100.0,93.05,58.0
400022,Taranga Hill-Abu Road via Ambaji 116.65 km Multi-States,25.064,74.2121,3198.16,45.34,61.08,48.0
616842,LUNI- SAMDARI- BHILDI DOUBLING Multi-States,25.064,74.2121,3085.59,73.11,31.2,36.0
705424,Chandigarh-Baddi 33.23 km Multi-States,30.91905,76.9764,1942.17,92.38,56.73,47.0
705410,Nangal Dam-Talwara 83.74 km - New broad gauge line & taking over siding Mukerian- Talwara 29.16 km Multi-States,31.0029,76.51535,4076.15,97.01,71.99,84.0
705628,Bondamunda - Ranchi 158.50 km Multi-States,21.8201,85.56705,3029.04,100.0,89.02,95.0
616588,"Buramara - Chakulia 59.96 km PB9/SECR/2023-24 Multi-States (CAO/C/SER SER mor) (Jharkhand,",21.43435,87.0942,1459.13,37.42,0.8,2.0
616227,Buramara - Chakulia 59.96 km PB9/SECR/2023-24 Multi-States (CAO/C/SER SER mor),22.95835,86.83675,1932.01,36.41,0.47,0.0
705668,Kharagpur-Adityapur - 3rd line 132 km Multi-States,22.95835,86.83675,3450.0,100.0,95.58,98.0
703586,Baiyyappanahalli-Hosur 48 km Multi-States,13.02715,78.93265,1160.0,100.0,60.4,85.0
705635,Trivandrum- Kanyakumari Multi-States,10.8034,78.60365,3785.45,79.21,86.09,59.0
705457,Ratlam-Mhow-Khandwa-Akola 472.64 km including material modification for Fatehabad-Chandrawati Ganj-Ujjain 22.96 km and Rau-DADN doubling 9.40 km Multi-States,21.16795,75.14515,13314.47,87.71,37.9,75.0
705507,Itarsi-Nagpur bal. 280 km Multi-States,21.16795,75.14515,2509.24,87.85,91.27,55.0
705481,Ramganj Mandi-Bhopal 262 km Multi-States,25.08615,76.59995,5074.76,94.93,88.64,86.0
705764,Nimach-Badi Sadri NL Project 48 km Multi-States,25.08615,76.59995,895.67,100.0,64.44,60.0
705667,"Mathura-Jhansi - 3rd line 273.80 km Multi-States (CMD / RVNL RVNL mor) (Madhya Pradesh,",26.87955,78.36675,5960.76,96.57,96.05,94.0
705480,Mathura-Jhansi - 3rd line 273.80 km Multi-States (CMD / RVNL RVNL mor),25.0533,79.1794,8913.94,95.37,74.3,73.0
705598,Jhansi-Bina - 3rd line 152.57 km Multi-States,25.0533,79.1794,2001.63,100.0,97.1,98.0
705608,Jhansi-Khairar-Manikpur & Khirar-Bhimsen Multi-States (North Central Railway),25.0533,79.1794,4330.0,100.0,71.66,73.0
616586,Bangriposi - Gorumahisani 85.60 km PB9/SECR/2023-24 Multi-States,21.43435,87.0942,2269.49,37.42,0.32,2.0
705629,Narayangarh - Bhadrak - 3rd line 155 km Multi-States,21.43435,87.0942,3425.32,93.9,84.26,84.0
400223,Tiruchchirappalli-Nagore-Karaikal with extension of Nagapattinam-Velankani- Tiruthiraipundi incl. new material modification of Karaikal - Peralam 23 km new line Multi-States,12.51215,80.0395,1748.55,88.74,72.5,80.0
705432,Sivok-Rangpo New Rail Line Multi-States,24.95575,88.4852,11775.05,92.4,94.19,80.0
602797,"Sainthia, Sitarampur, Mughalsarai, Allahabad & Etawah - Bypass 35 km Multi-States",22.5726,88.3639,797.94,78.76,23.21,15.0
400006,Jharsuguda-Barpali-Sardega Ph II Works- Rail Connectivity for Coal Loading Bulb at Barpali.,20.2961,85.8245,808.99,93.48,91.9,44.0
400045,Proposed 6 nos Road Over Bridge [ROB] at different locations under MCL Talcher Under Deposit Scheme.,20.2961,85.8245,168.32,100.0,41.5,82.0
400047,Doubling of Lingaraj SILO connectivity of NTPC line and augmentation of NTPC exchange yard and NTPC Block Cabin.,20.2961,85.8245,210.0,92.52,19.6,53.0
400048,Doubling of lines connecting the loading spurs in Talcher Yard.,20.2961,85.8245,186.21,83.3,56.43,88.0
400232,Brundamal - Jharsuguda - Fly-over connection for joining down line 6.6 km,20.2961,85.8245,296.51,88.1,15.65,55.0
612834,3rd & 4th line between Sarla - Sason 8 km PB73/2023-24/NR,20.2961,85.8245,252.0,100.0,67.3,88.0
615915,Rourkela-Bondamunda A-Cabin 5th line 10 km Umbrella work PB57/2019-20/NR,20.2961,85.8245,244.99,91.28,63.36,45.0
616694,Flyover between Siju & Paradeep coaching yard 7 km PB73/2023-24/NR,20.2961,85.8245,200.77,59.6,27.85,0.0
616695,Construction of Paradeep- Badabandha 3rd & 4th line 18.51 km PB34/ECOR/2023-24,20.2961,85.8245,300.15,24.82,7.16,7.0
616839,Gunupur - Therubali new line 73.62 km,20.2961,85.8245,1165.73,6.95,0.17,0.0
705358,Khurda Road-Bolangir 301 km,20.2961,85.8245,6221.98,98.69,77.55,93.0
705359,Talcher-Bimlagarh 154 km,20.2961,85.8245,4546.84,87.49,47.59,56.0
705510,Bhadrak-Nergundi - 3rd line 80 km,20.2961,85.8245,1600.0,100.0,87.24,87.0
705513,Koraput-Singapur Road 164.56 km,20.2961,85.8245,2462.17,86.97,85.03,56.0
705514,Jarapaada-Budhapank with flyover at Talcher Road - 3rd & 4th line 47 44 km,20.2961,85.8245,928.54,86.6,81.69,25.0
705515,Budhapank-Salegaon via Rajatgarh - 3rd & 4th line 85 85 km,20.2961,85.8245,3034.8,100.0,72.94,86.0
705741,Jeypore - Navarangpur 38 km,20.2961,85.8245,747.91,53.97,2.13,1.0
705742,Jeypore - Malkangiri 130 km,20.2961,85.8245,2343.64,4.57,31.43,6.0
705298,North Region Video Surveillance Project,22.5937,78.9629,274.39,100.0,0.0,48.0
607653,Ludhiana Mullanpur 21Km Doubling Railway project,30.901,75.8573,234.78,88.32,26.15,99.0
705783,Ludhiana-Kila Raipur 19 km with freight line at Gill station,30.901,75.8573,260.33,87.85,41.67,70.0
611855,Nathdwara Mavli - Devgarh Madariya 82.542 km,26.9124,75.7873,1100.0,62.0,74.2,75.0
611929,Maintenance cum workshop depot for Vande Bharat Sleeper Trains as per conditions under WTA 527,26.9124,75.7873,166.86,100.0,0.0,0.0
616841,Pushkar - Merta Katyasani 51.346 km,26.9124,75.7873,799.64,46.05,30.27,7.0
616843,Ajmer-Chanderiya section 178.28 km Umbrella work PB57/2019-20/NR,26.9124,75.7873,1634.79,54.66,34.27,23.0
617403,SADULPUR - CHURU DOUBLING PROJECT,26.9124,75.7873,468.64,100.0,42.22,95.0
617404,North Western Railway - New line between Ramdevra and Pokhran via Bhairav Gufa - Kailash Tekri 13.38 Km PB30/NR/2025-26,26.9124,75.7873,189.21,13.58,30.29,3.0
705752,Gudha-Thathana Mithri - Construction of dedicated test track for testing and trial of rolling stocks and infrastructure components umbrella work PB23/2018-19/NR,26.9124,75.7873,540.0,96.36,60.41,95.0
705919,Agra Fort-Bandikui Doubling Line Project,26.9124,75.7873,1390.0,86.8,38.12,56.0
706836,Dedicatedtest track for RDSO Phase-2 34 km Umbrella work PB22/2019-20/NR,26.9124,75.7873,619.19,94.91,94.69,98.0
706866,Sawaimadhopur - Bypass line 6.98 km Umbrella work PB57/2019-20/NR,26.9124,75.7873,239.0,75.64,78.69,72.0
400280,Phase II extension of MRTS from Velachery to St Thomas Mount,13.0827,80.2707,734.01,100.0,66.28,99.9
613002,Redevelopment of Chennai Egmore Station,13.0827,80.2707,842.0,100.0,40.38,0.0
705244,Coach Production Factory Upgradation Project,13.0827,80.2707,520.0,100.0,36.97,0.0
705489,Madurai-Tuticorin via Aruppukkottai 143.5 km,13.0827,80.2707,2053.39,69.68,17.1,14.0
617409,Railway Manufacturing Unit,17.385,78.4867,521.36,100.0,94.39,91.0
400204,"Bahraich - Khalilabad via Bhinga, Shravasti, Balrampur, Utraula, Domriyaganj, Mehdawal, Bansi 240.26 km",26.8467,80.9462,4939.78,38.22,33.83,15.0
400205,Sahjanwa - Dohrighat 81.17 km,26.8467,80.9462,1319.75,33.99,55.17,1.0
617213,"Varanasi- Pt. Deen Dayal Upadhyaya - Multitracking 15 km, including construction of a new Rail- cum- Road Bridge across Ganga River",26.8467,80.9462,2464.46,23.92,4.46,5.0
617252,Anand Nagar - Ghughuli via Maharajganj 53.37 km,26.8467,80.9462,1501.1,26.71,59.19,12.0
617370,Doubling between Jaunpur Jn - Zaffarabad 6.28 km PB73/2023-24/NR,26.8467,80.9462,237.38,75.94,33.06,22.0
705567,Burhwal - Gonda - 3rd line 61.72 km,26.8467,80.9462,1307.62,100.0,59.44,100.0
705588,Janghai - Pratapgarh - Amethi 87 km,26.8467,80.9462,1528.83,100.0,79.57,80.0
705766,Lalitpur - Birari with flyover at Lalitpur 15.80 km,26.8467,80.9462,356.1,100.0,80.63,85.0
705772,Mughalsarai - Allahabad - 3rd line 150 km,26.8467,80.9462,2649.44,90.66,76.53,77.0
705774,Aligarh-Daud Khan - 3rd line 6.9 km & construction of flyover at Daud Khan,26.8467,80.9462,779.49,90.4,50.7,87.0
705777,Bhandai - Flyover for Etawah bound down trains 10 km,26.8467,80.9462,250.18,56.67,58.7,11.0
705780,Bhatni - Aunrihar with electrification 125 km excl Indara - Mau 116.95 km,26.8467,80.9462,2529.46,100.0,90.74,94.0
705782,Barabanki-Malhaur - 3rd & 4th Line 32.84 km,26.8467,80.9462,480.13,99.93,92.5,77.0
400247,"Kalinarayanpur-Krishnanagar with Krishnanagar-Shantipur-Nabadwipghat - GC, Krishnanagar-Chartala, MM for Krishnanagar-Chapra-NL, Naihati-Ranaghat-3rd line, Nabadwipghat-Nabadwipdham upto BB loop 9.58 km, Ranaghat-Lalgola-",22.5726,88.3639,2153.91,92.87,42.98,49.0
400273,"Tarakeswar-Bishnupur with extension upto Dhaniakhali, Arambagh-Irphala, Irphala- Ghatal 11.2 km, Arambagh-Champadanga 23.3 km & Bishnupur-Uparsol 31.8 km and new material modification for Mynapur-Kamarpukur via Birsha 19 km",22.5726,88.3639,1878.82,100.0,85.57,75.0
612096,Construction of Balurghat-Hilli new BG Line,22.5726,88.3639,1181.57,96.41,43.85,18.0
619184,"Total (190) 465721.36 459390.96 Rehabilitation and up-gradation and completion of balance works of the section from Km 107.760 km to 129.445 km After Middle strait to Humphrey, Km 130.600 to 138.300 After Humphrey to Kadamtala of NH-4 Intermediate/2-Lane with hard shoulder in the Union Territory of Andaman & Nicobar Islands on EPC basis Package- Andaman &",22.5937,78.9629,376.48,87.76,0.0,81.95
619185,Rehabilitation and up-gradation and completion of balance work of section from Km 155.00 to Km 181.00 End of Jarwa to Rangat of NH -4 Total length 26 Km to Intermediate Lane/2-lane with hard shoulders in the UT of A&N Islands on EPC basis - Andaman &,22.5937,78.9629,333.12,79.4,49.12,50.15
619186,Construction of Balance works of Major Bridge over Middle Strait Creek between Km.106.590 to km108.553 of NH-04 connecting South Andaman & Baratang Island in the Union Territory of Andaman & Nicobar Islands on EPC basis Andaman &,22.5937,78.9629,371.88,86.97,30.16,12.98
617984,"Gudivada Town 2 RoB, and Road improvement NH-165",16.5062,80.648,317.22,84.79,50.01,75.2
617985,Widening to two lane with paved shoulders from Km 0/0 to 64/020 Pamarru to Akiveedu,16.5062,80.648,588.65,86.35,42.18,74.41
617986,Kurnool/Kadapa Border-Jammalamadugu section of NH-167K i.e. Design Ch. Km 248010 to km 269900 to 2,16.5062,80.648,292.63,83.15,0.0,95.77
617987,Nandyala-Kurnool/Kadapa Border section of NH-167K i.e. Km 186/000 to Km 250/000Design Ch.186000 to 248010 to 2LPS,16.5062,80.648,691.81,45.62,0.0,49.71
617988,Sangameswaram - Atmakuru section from Km 96 to Km 124 & Velegodu- Nandyal section including Nandyal Bypass from Km 143/6 to 185/9 NH-167K,16.5062,80.648,644.14,54.11,0.0,41.98
617991,"Rehabilitation and up-gradation of NH-167 from Km 14/900 to Km70/000 Design Ch. 14/900 to 69/700 Chintakunta to Adoni section to two lane with paved shoulders in the State of Andhra Pradesh under Corridor Approach through Engineering, Procurement",16.5062,80.648,290.15,96.49,48.88,91.9
618013,4-laning of Puttaparthi-Koduru Section of NH-342,16.5062,80.648,909.19,99.9,51.04,90.19
618037,Rehabilitation and Up-gradation of existin of road from 2-lane to 2-lane with paved shoulders from km. 0.00 to km 53.590 total length-53.590 km of Raychoti to Vempalli section of NH-440 in the State of Andhra Pradesh on EPC mode.,16.5062,80.648,359.52,97.98,59.28,90.2
618052,Gorantla - Hindupur section from Km 120/300 to 165/000 of NH716G in the State of Andhra Pradesh,16.5062,80.648,808.7,49.86,0.0,37.7
618053,Muddanur to B. Kothapalli section of NH-716G from Km. 0/000 to Km. 56/500 56.500 Km in the State of Andhra Pradesh on EPC mode Job no. 741,16.5062,80.648,1019.97,49.86,0.0,33.55
618101,Kondamodu to Perecherla Section Design Ch. Km 000 to Km 49917 of NH-167AG to to 4LPS,16.5062,80.648,881.61,66.58,0.0,37.95
618103,Rehabilitation and upgradation from Km 22300 to 58635 of MudireddyPalle to Kadapa/Nellore Border via porumamilla Section of NH 167 Two Lane with paved Shoulder in,16.5062,80.648,279.29,100.0,60.4,90.33
618125,Rehabilitation and upgradation of NH 326A from km 0/0 to 41/979 excluding km 2/255 to 3/372 and km 36/820 to 38/275 Odisha border to Narasamapeta to two lane with paved Shoulders in the State of Andhra Pradesh under NHO on EPC Mode,16.5062,80.648,228.32,100.0,19.68,100.0
618193,Widening of Existing Road to Two Lane with Paved Shoulder Configuration from Km 0.00 to 26.000 & Km 45.200 To 59.622 Of NH 365BB in the State of Andhra Pradesh Under Annual Plan 2023-24 through EPC Mode,16.5062,80.648,368.63,79.8,20.65,45.62
618194,Rehabilitation and upgradation of New NH 544DD from design Chainage Km. 56/000 to 102/20 of Kalyandrg - Molakalmuru Section,16.5062,80.648,285.29,100.0,109.5,98.52
618236,Rehabilitation and Up-gradation of Dhindi - Digamarru section from Km 126/510 to Km 135/740 of NH -214 New NH -216 and digamarru -Losari section from Km 0/000 tp Km 34/230 of NH-214 A New Nh-216 to two lane with paved shoulder in the state of,16.5062,80.648,288.76,100.0,77.03,100.0
618238,Rehabilitation and Up-gradation of Thimmapuram to Gurajanapalli section from Km 26/150 to Km 41/161 of NH - 214 New NH - 216 to two lane with paved shoulder in the state of Andhra Pradesh under NHDP-IV,16.5062,80.648,432.91,99.09,54.04,98.2
618239,"Rehabilitation & Upgradation of NH214 New NH-216 from Km 34/230 to Km 84/550 Losari to Machavaram Section to two lane with paved shoulder in the state of Andhrapradesh under NHDP-IV through Engineering, Procurement& Construction",16.5062,80.648,459.37,100.0,111.63,98.6
618254,Construction of Paderu bypass Km 0000 to Km 13000 of 2- lane with paved shoulder on NH-516E,16.5062,80.648,244.43,82.4,8.98,13.0
618255,Two laning with paved shoulders of Lambasingi to Paderusection of NH 516E,16.5062,80.648,358.05,82.48,40.76,56.69
618256,"Rehabilitation and Upgradation to 2-lane with paved should ders Sir, configuration of Chaprathipalem to Lambasingi section Km 165500 to Km 205000 of NH-516E in the State of Andhra Pradesh under Green National Highways Corridor Project GNHCP",16.5062,80.648,311.22,100.0,67.81,93.01
618257,Rehabilitation and Upgradation to 2-lane with paved shoulders configuration of Koyyuru to Chaprathipalem section Km 120000 to Km 165500 of NH-516E in the State of Andhra Pradesh under Green National Highways Corridor Project GNHCP,16.5062,80.648,349.29,100.0,75.83,98.09
618412,Construction of i Connecting Road from Z-Morh Tunnel to Zojila Tunnel Road Length 18.475km and ii 14.150 Km long 2-L Bi-directional single tube Zoji-la Tunnel across Zojila Pass on Sonamarg - Kargil section from Km 82 to Km 118 of NH-01 under,16.5062,80.648,6808.69,79.47,52.5,68.8
618475,Bangalore Chennai Expressway Phase-II Pkg-II from km.96.000 to Km 127.000 Baireddypalle to Bangarupalem section,16.5062,80.648,2548.04,94.91,52.29,94.24
618476,Bangalore Chennai Expressway Phase-II Pkg-III from km.127.000 to Km 156.000 Bangarupalem to Gudipala section,16.5062,80.648,1407.33,99.93,61.72,99.46
618524,Construction of 6 lane elevated corridor including its approaches from Km. 629880 to Km. 634470 Design Chainage of NH-16 in Ranasthalam Town portion in the state of Andhra Pradesh on EPC Mode under NHO.,16.5062,80.648,192.85,58.55,28.95,39.1
618525,Construction of flyover at Gammon Junction at Km.903.265 on NH16 including vent at Diwancheruvu junction at Km.902.308 Blackspot ID No.AP03299 in Andhra Pradesh on EPC mode under NHO,16.5062,80.648,223.29,41.51,19.62,18.9
618526,6L of Gundugolanu Design km 1023.280 to Kalaparru Design km 1050.680 of NH-5 New NH-16,16.5062,80.648,665.59,99.96,96.75,95.73
618579,6L of Anandapuram Pendurthi Anakapalli Section from km. 681.000 to km. 731.780 of NH-16,16.5062,80.648,2957.25,99.96,80.35,100.0
618629,Nandigama Bypass and Kanchikacherla bypass,16.5062,80.648,444.58,98.97,87.22,98.47
618633,4L of Kadapa China Orampadu section of NH-716 Package I of Kadapa-Renigunta section,16.5062,80.648,1732.66,20.79,6.14,5.01
618682,6L Korlam-Kantakapalle Section of NH-130CD Road from Km 421.100 to Km 445.100 Pkg-3,16.5062,80.648,1127.63,99.94,75.38,99.5
618700,Renigunta - Poyya - Naidupeta km 124.60 to km 183.4 of NH 71,16.5062,80.648,2510.14,98.12,66.82,98.6
618712,6L Access Controlled Greenfield Highway from Kodur Ch. 0000 to Vanavolu Ch. 24300 of [NH-544G] Package-1,16.5062,80.648,798.25,81.05,44.83,87.65
618713,6L Access Controlled Greenfield Highway from Yerragudipadu Ch. 129000 to Audireddipalle Ch. 160000 of [NH 544G] Package-6,16.5062,80.648,1019.69,66.54,27.67,47.2
618714,6L Access Controlled Greenfield Highway from Nallacheruvu palli Ch. 96300 to Yerragudipadu Ch. 129000 of [NH-544G] Package-5,16.5062,80.648,1095.78,74.92,35.52,67.05
618715,6L Access Controlled Greenfield Highway from Odulapalle Ch. 72000 to Nallacheruvu- palli Ch. 96300 of [NH-544G]Package-4,16.5062,80.648,946.1,78.87,42.61,76.97
618716,6L Access Controlled Greenfield Highway from Vankarakunta Ch. 45700 to Odulapalle Ch. 72000 of [NH-544G]Package-3,16.5062,80.648,888.07,80.55,39.55,77.21
618717,6L Access Controlled Greenfield Highway from Vanavolu Ch. 24300 to Vankarakunta Ch. 45700 of [NH-544G] Package-2,16.5062,80.648,626.91,82.66,41.7,87.24
618718,6L Access Controlled Greenfield Highway from Kavulakuntla Ch. 196000 to Narayanmpet Ch. 203500Package-09,16.5062,80.648,956.4,52.76,25.32,54.56
618719,6L Access Controlled Greenfield Highway from Mallapalle Ch. 176000 to Kavulakuntla Ch. 196000 Package-08,16.5062,80.648,751.81,73.11,38.58,65.92
618720,6L Access Controlled Greenfield Highway from Audireddipalle Ch. 160000 to Mallapalle Ch. 176000Package-07,16.5062,80.648,848.06,78.33,39.91,73.78
618721,6L Access Controlled Greenfield Highway from Chandrasekharapuram Ch. 228000 to Polavaram Ch. 260000of [NH-544G] Package-11,16.5062,80.648,1110.33,71.34,32.28,64.2
618759,4L PS Mydukur - Badvel from Km 585.820 to Km 630.960 of NH-67,16.5062,80.648,1103.87,94.49,53.07,90.4
618777,4L of Pileru to Kalur Section from Km 55.900 to Km 92.800 & Km 94.500 to Km 95.717 of NH-71Package-II,16.5062,80.648,592.85,99.9,41.57,98.84
618778,4L of Madanapalle to Pileru Section from Km 0.000 to Km 55.900 of NH-71Package-I,16.5062,80.648,1994.1,99.92,59.31,94.9
618803,Development of 4L Road from Samarlakota to Achampeta Junction as part of Kakinada Port Connectivity to NH-16 Rajanagaram Junction in East Godavari District,16.5062,80.648,750.2,89.9,90.65,93.0
618804,Dedicated Port road to Krishnapatnam Port Package-I from Km. 0.000 to Km. 18.000,16.5062,80.648,341.36,92.93,90.97,80.19
618805,6L Connectivity to Port Road from Sabbavaram Sheelanagar-NH516C,16.5062,80.648,977.33,24.66,15.91,7.2
618806,Improvement of 4L road to 6L road and 4L dedicated Port Roads for the Port connectivity road from Convent junction to Sheelanagar Junction,16.5062,80.648,680.21,88.1,72.61,79.0
618807,"4L Greenfield Road connecting North and South industrial cluster of Khandaleru Creek near Krishnapatnam port at Thamminapatnam to Mollur from Km 0.0 to Km 16.046, Part I & 6L extension of dedicated port road of NH-67 Km 18.0 to Km 19.3, Part II",16.5062,80.648,559.98,87.36,103.44,84.03
618826,4 Laning of NH-544D from Km 0.000 to km 37.000 of Anantapur- Muchukota section Pkg-1,16.5062,80.648,905.98,99.91,51.67,92.34
618827,4 Laning of NH-544D from Km 37.000 to km 69.000 of Muchukota- Bugga section Pkg-2,16.5062,80.648,1055.23,89.9,44.25,84.92
618920,Access Controlled Highway of 4 Lane with Paved Shoulders from TN/AP Border Design Chainage Km 6151 to Puttur Design Chainage Km 81540 of NH-716 & 6 Lane with Paved Shoulders from Mallavaram to Renigunta,16.5062,80.648,1260.37,74.02,14.97,42.48
619076,Six Laning of Vijayawada Bypass from Chinna Avutapalli to Gollapudi in Vijayawada - Gundugolanu Section from km. 0.00 to km. 30.00 Pkg-III,16.5062,80.648,1883.71,98.43,54.39,98.2
619102,4 L of China Orampadu-Renigunta section of NH-716 Package-II of Kadapa- Renigunta section,16.5062,80.648,1500.11,20.79,8.07,2.25
619111,6L Jakkuva Korlam Section of NH-130CD Road from km 396.800 to km 421.100 Pkg 2,16.5062,80.648,840.51,99.94,68.28,99.83
619112,6L Kantakapalle Sabbavaram Section of NH-130CD Road from Km 445.100 to Km 464.662 Pkg-4,16.5062,80.648,1012.57,91.92,69.37,84.6
619123,6L Access Controlled Greenfield Highway from Narayanmpet Ch. 203500 to Chandrasekharpuram Ch. 228000Package-10,16.5062,80.648,678.21,73.11,32.93,66.12
619124,6L Access Controlled Greenfield Highway from Polavaram Ch. 260000 to Marripudi Ch. 285500 of [NH-544G]Package-12,16.5062,80.648,626.83,76.88,40.03,70.2
619125,6L Access Controlled Greenfield Highway from Somavarappadu Ch.314.600 to Muppavaram Ch.343240 of [NH-544G] Package-14,16.5062,80.648,943.66,68.09,28.36,44.56
619126,6L Access Controlled Greenfield Highway from Marripudi Ch. 285500 to Somavarappadu Ch. 314600 of [NH-544G] Package-13,16.5062,80.648,798.71,78.87,46.43,73.0
619140,6L of Naidupeta Junction - Turpukanupur Section from km 57.046 to km 91.927,16.5062,80.648,965.58,70.77,40.27,53.7
619141,Construction of four lane access controlled highway from Chillakuru cross road to Turpu KanupurPart 1 of Package - II km 0.000 131.500 of NH - 16 to km 23.770 on New NH-516W including six lane flyover and approaches on NH-16 length km 1.050 and six lane access controlled from Turpu Kanupur to Port South Gate Part 2 of,16.5062,80.648,844.39,100.0,42.51,55.53
619160,Balance works in AP Portion and punch list items in TN & AP portion of NH-205,16.5062,80.648,113.46,100.0,86.83,100.0
617892,Construction of 2-lane road of Potin to Pangin section of NH-13 from Km 163.59 to Km 206.66 Package-5 on EPC Mode in the State of Arunachal Pradesh under Arunachal Pradesh Package of Roads and Highways of SARDP-NE [Job No SARDP-NE/P-,27.0844,93.6053,450.65,97.13,76.56,96.61
618401,"Construction of Intermediate Lane with Hard Shoulder of Hunli to Hayuliang Package- III from design Km 60.000 to Km 121.500 Design Length 61.500 km, Greenfield Section of Frontier Highway NH-913 in the State of Arunachal Pradesh on EPC Mode",27.0844,93.6053,1418.67,36.04,6.57,1.7
618402,"Construction of Intermediate Lane with Hard Shoulder of Hunli to Hayuliang from Design Km 0.000 to Km 53.000 Design Length 53.000 km, Greenfield Section of Frontier Highway NH-913 in the State of Arunachal Pradesh on EPC Mode Package-I",27.0844,93.6053,1262.43,47.17,20.23,19.13
618403,Construction of Intermediate Lane Road with hard shoulder from design Km 0.000 to Km 17.387 Total length 17.387 km of Hunli to Ithun Bridge section on NH-913 Frontier Highway in State of Arunachal Pradesh on EPC mode under NHO-NE,27.0844,93.6053,275.5,78.9,59.22,56.18
618404,Construction of lntermediate Lane Road with hard shoulder from design chainage Km 0.000 to Km 53.040 Existing Length68.500 Km & Total Design length 53.04 km of Tato to Monigong section of NH-913 Frontier Highway on Nafra Bomdila to Vijaynagar,27.0844,93.6053,625.61,49.89,43.1,22.81
618405,"Construction of Intermediate Lane of Pango to Jorging Road from 0000 to Design Km Design Km 40000 Design Length 40.00 Km, Pkg-l, Greenfield Alignment in the State of Arunachal Pradesh on EPC mode Pkg-1",27.0844,93.6053,898.19,63.23,28.45,39.86
618433,Construction of Balance work of 2-Lane with PS of Joram Koloriang Road from existing Km122.600 to km138.00 [Design Km108.724 to Km123.714] in Arunachal Pradesh on EPC Mode under SARDP-NE Pkg-7,27.0844,93.6053,184.89,100.0,84.6,99.69
618434,Roing-Hunli Road Greenfield Alignment Project,27.0844,93.6053,1718.59,98.02,65.37,82.45
618445,Construction of 2-Laning with hard shoulders of Demwe-Brahmakund section of NH- 13 from Ch.0.00 km to 18.464 km on EPC under SARDP-NE NHO-NE -Balance Work,27.0844,93.6053,353.9,46.55,7.58,19.57
619014,"lmprovement and Widening to 2 lane with paved Shoulder of NH-15 old NH-52 from Existing Km 770.600 Design Km 24.819 to Existing km 805.750 Design Km 59.885 Kamlang T-Junction to Chowkham, Existing Length 35.150 Km, Design Length-35.066",27.0844,93.6053,316.73,24.66,11.04,15.06
619248,"lmprovement and Widening to 2-lane with Paved Shoulder of NH-13 & 15 Old NH-52 from Existing Km 745.60 Design Km 0.000 to Existing km 770.600 Design Km 24.819 Brahmakund T-junction to Kamlang T-Junction, Existing Length 25.00 Km, Design",27.0844,93.6053,441.41,8.21,5.86,14.69
617895,Construction of Mangaldoi Bypass NH-15 starting at Ch 26400 and terminating at Ch 41505 under Rangia NH Division L 15.105 Km in the State of Assam. Job No. 15/AS/2021-22/234,26.1445,91.7362,535.03,90.82,39.11,76.32
617896,"Construction of 4 lane Gauripur Bypass Starting bfrom Km 852.56 of NH- 31Dumardoha Pt-II and Terminating at Km 862.17 Baladmara via. Khudimari Pt.- II, Fulkumari, Charaldanga, Sajuakuti,Geramari Pt.-III and finally meeting at km 862.17 of NH-17New/ NH-31Old in the State of Assam under EPC Mode Job no. 31/AS/ 2023-",26.1445,91.7362,421.15,88.69,0.0,34.0
618034,Construction of 2 lane Barpeta Bypass from Km 77900Baradi to Km 86150 Deurikuchi Length8.25Km on NH-427 in the state of Assam under EPC ModeJob No.427/AS/2022-23/245,26.1445,91.7362,173.65,99.82,6.55,20.0
618159,"Construction of new 2 Lane with paved shoulders of NH Standards from km 0.080 to km 11.690 L11.610 km in Majuli and from km 19.715 to km 27.484 L 7.769 km in Jorhat on the newly declared NH 715K and construction of 1.10 km flyover on NH-715 with its approaches and service roads L1.10 km, Total Length 20.479 km in the State",26.1445,91.7362,382.1,60.99,7.58,6.7
618160,"Construction of 2 lane Major Bridge including approaches over Brahmaputra between Majuli on North Bank and Jorhat on South Bank from km. 11.690 to km. 19.715 length of bridge 6,812.5m Package - II on NH-715K in the state of Assam Job no.",26.1445,91.7362,1019.17,33.15,0.0,3.25
618282,4-L Bilasipara-Guwahati Package-10,26.1445,91.7362,1264.9,82.04,50.04,64.48
618283,4-L Bilasipara-Guwahati Package-9,26.1445,91.7362,1000.27,82.04,50.53,59.78
618284,Widening/Improvement to 4-Lane with paved shoulder from Km 99930 to Km 143680 Design Chainage 96000 to 139750 of Paikan to Dhupdhara Sahar of Bilasipura- Guwahati Road on NH-17 in the state of Assam on EPC mode under Bharatmala Pariyojana in Economic Corridors Project Length 43.750km under NHO-NE Package-,26.1445,91.7362,1457.59,88.78,66.05,85.87
618286,Construction of New 2-Lane Bridge with its approaches from km 0000 to Km 4385 across River Brahmaputra on NH-17 at Jogighopa in Assam on EPC mode,26.1445,91.7362,746.76,93.37,58.36,81.07
618287,"Widening/Improvement to 4-Lane with paved Shoulder from Ch. 25.633 Km to Ch. 52.470 Km Design Ch. 21.850 Km to Ch.48.670 Km for Package-2 of Bilasipura- Guwahati road NH-17 Section Near Mowatari, before Chapar Bypass to Tulungia",26.1445,91.7362,1338.61,66.56,14.88,12.45
618288,Widening/lmprovement to 4-Lane with Paved Shoulder from Ch.5.580 Km to Ch.25.633 Km Design Ch.0.000 Km to Ch.17.737km Km 901.100 to Km 921.145 of old NH-31 of Bilasipara- Guwahati road NH-17 Section Near Chirakuta to near,26.1445,91.7362,1081.15,59.82,15.09,35.0
618289,Construction and up gradation to 4-Lane of existing two lane with paved shoulder from Hapachara to Tulungia road of NH-117 of existing Km 0.00 to km 14.050 and Design Km 0.000 to km 14.660 under BMP on EPC mode,26.1445,91.7362,224.85,100.0,93.37,97.76
618308,Construction of 4-Lane Panchgram Bypass from Design Chainage km 15500 on NH- 37 Old NH-53 at Kalinagar Pt.-I Village to Design Chainage km 27300 at crossing with NH-6 Old NH-44 Near Siddeswar Pt.-I Village on Silchar - Churaibari stretch in the State of Assam on EPC Mode under Bharatmala Pariyojana in Economic Corridors,26.1445,91.7362,728.97,77.39,46.61,57.17
618309,Widening/lmprovement to 4-Laning and Greenfield alignment with Paved shoulder of Silchar-Badarpur Churaibari section of NH-37 & NH-8 from Design chainage 38.600 End point of proposed Badarpur Bypass to Km. 62.800 Start point of proposed,26.1445,91.7362,1319.55,49.86,14.03,23.07
618310,Widening/lmprovement to 4-L of Karimgani - sutarkandi section of NH 37 from design Ch 0020 Start of proposed Karimganj Bypass from NH -8 to design Chainage Km 14380 near Sutarkandi Spur Connectivity to Indo/Bangladesh Border on Silchar-,26.1445,91.7362,791.79,74.66,17.12,41.88
618311,Widening/lmprovement to 4-Lane with Paved shoulder for existing as well as Greenfield alignment of Badarpur Churaibari section of NH-8 from Design chainage 87.700 Chandkhira to Km. 106.500 Churaibari section Assam-Tripura border in the,26.1445,91.7362,870.0,70.82,18.17,40.99
618312,Widening/lmprovement to 4-Lane with Paved Shoulder from existing road and Greenfield alignment form Design Ch. 62.800 start of proposed Nilambazar/Cheragi Bypass to Design Ch. 87.700 near Chandkhira Village of NH-8 on Silchar-Churaibari,26.1445,91.7362,1258.13,53.23,14.85,14.04
618313,Widening/lmprovement of Existing 2 lane to 4-Laning of Karimganj-Silchar section of NH-37 from Design Ch 0.000 near Silchar ISBT to Design Ch 15.970 near Kalinagar Pt I on NH-37 in Assam on HAM Mode Pkg-1,26.1445,91.7362,1181.55,45.62,15.12,41.26
618314,4-Laning of Dhanehari Lailapur / Vairengte section from Existing Chainage km 12920 to km 43000 of NH 306 Design Chainage km 20000 to km 49360 on Silchar - Vairengte Sairang road in the State of Assam under Bharatmala Pariyojna on EPC,26.1445,91.7362,1716.21,81.05,61.63,81.65
618315,4-Laning of Silchar - Dhanehari section from Existing Chainage km 263800 of NH 37 to km 12920 of NH 306 Design Chainage km 0000 to km 20000 on Silchar - Vairengte - Sairang road in the State of Assam under Bharatmala Pariyojna on EPC mode,26.1445,91.7362,1256.9,81.56,50.3,59.65
618326,Widening/Improvement to 4-Lane with Paved Shoulder from KM 38500 to Km 51246 Design Chainage 38500 to 50959 with proposed Daboka Bypass of Daboka- Parokhaowa of NH 29 on EPC under NHO-NE Package-1,26.1445,91.7362,516.88,100.0,62.49,99.7
618331,lmprovement to 4-Lane with Paved Shoulder from existing km 260000 Design Ch.4560 km to existing km Ch.233000 D. Ch.24560 of Silchar near Nutan Dayapur village - Budha Nagar Section Length-20.00 Km of NH-37 under Package Silchar-,26.1445,91.7362,957.95,52.6,22.41,47.27
618340,Widening/Improvement to 4-Lane with Paved Shoulder from km 626030 Nalani hulla Gaon to km 650450 Chotahapjan on existing Tinsukhia -Makum Bypass of NH-15 OLD NH-37 and Strengthening of existing NH-315 OLD NH-38 from Km 0000 Chotahapjan to Km 16900 Bogapani section 2-Lane PS in Assam on EPCMode under,26.1445,91.7362,458.59,95.04,56.92,88.99
618351,Widening & Upgradation to 2 lanes with paved shoulders road from Tamenglong to Mahur NH-137 in the State of Assam starting from km 156.489 near P. Leikul to km 176.410 near Borowapu on EPC mode under NHO-NE Assam portion Package-10,26.1445,91.7362,693.15,97.16,87.34,90.5
618352,Widening & Upgradation to 2 lanes with paved shoulders road from Tamenglong to Mahur NH-137 in the State of Assam starting from km 136.500 near Hejaichak to km 156.489 near P. Leikul Package-9 on EPC mode under NHO-NE Package-9,26.1445,91.7362,614.43,97.16,91.06,87.5
618353,Widening & Upgradation to 2-lanes with paved shoulders road from Tamenglong to Mahur NH-137 in the State of Assam starting from km 116.480 near Hangrum to km 136.500 near Hejaichak Package-8 on EPC mode under NHO-NE Package 8,26.1445,91.7362,904.04,97.16,62.33,85.2
618354,Wideinig & Upgradation to 2-lanes with paved shoulders road from Tamenglong to Mahur NH-137 in the State of Assam starting from km 96.870 near Jiri River to km 116.550 near Hangrum Package-7 on EPC mode Package7,26.1445,91.7362,846.82,87.76,56.9,90.36
618371,"Widening/Improvement to 4-Lane with Paved Shoulder configuration of existing single lane road from Srirampur near Bhairiguri Village to Kachukhana Harichara Paglagaunj Package-I of Srirampur - Dhubri Section of NH-127B from existing Km 0.000 to Km 28.050 Design Km 0.000 to Km 27.650, Design Length27.650 Km under JICA ODA",26.1445,91.7362,613.89,87.26,62.65,89.5
618373,"Construction of 4-Lane Bridge including approaches over River Brahmaputra between Dhubri on North Bank,Assam and Phulbari on south Bank,Meghalaya on NH-127B under JICA ODA Loan assistance Phase-III",26.1445,91.7362,4997.04,73.05,61.66,77.14
618436,4-Laning of Jamugurihat to end of Biswanath Chariali By-Pass from Km 182.000 to Km 208.000 of NH-52 on EPC mode in state of Assam under SARDP-NE,26.1445,91.7362,599.0,100.0,72.22,100.0
618437,"Construction of Balance Work of 4-Laning of NH-37 Section between End of Moran Bypass to Bogibeel junction near Lapetketa Km. 561.700-Km. 580.875 under SARDP- NE, Phase 'A' in the State of Assam on EPC mode Pkg-I Road works & Toll Plaza",26.1445,91.7362,274.34,100.0,42.52,100.0
618438,"4-Laning of NH-37 Section between Demow to End of Moran Bypass From Km. 534.800 to Km. 561.700 including Emergency Landing Facility ELF under SARDP-NE, Phase 'A' in the State of Assam on EPC mode",26.1445,91.7362,385.57,100.0,176.48,100.0
618440,"Construction of Balance Work of 4-Laning of the Section from Jhanji to Demow of NH- 37 Old from Km 490.800 to Km 534.800, under SARDP- NE on EPC Mode in the state of Assam Pkg- IV Structures & Toll Plaza",26.1445,91.7362,100.22,91.51,16.67,58.19
618441,"Construction of Balance Work of 4-Laning of the Section from Jhanji to Demow of NH- 37 Old from Km 490.800 to Km 501.800 11.000 Km, under SARDP- NE under EPC Mode in the state of Assam Pkg-I Road Works",26.1445,91.7362,476.5,91.51,20.54,87.33
618442,"Construction of Balance Work of the 4-Laning of the Section from Jorhat to Jhanji of NH-37 Old from Km 477.000 to Km 490800 13.800 Km, under SARDP- NE under EPC Mode in the state of Assam Pkg-III Road Works",26.1445,91.7362,358.72,100.0,27.99,100.0
618454,"Earthwork in Formation, Road Work, Construction of Bridges, Blanketing, P. Way Linking works including Supply of P. Way Fittings and Track Ballast in connection with Construction of Railway Siding from Jogighopa Railway Station to MMLP at Jogighopa from Ch. 00 to 3760 on Item Rate basis Package -3, Railway Siding from Jogighopa",26.1445,91.7362,693.97,100.0,5.79,93.23
618455,Development of External Trunk Connectivity and Internal Infrastructure Works at Multi Model Logistics ParkMMLP at Jogighopa in the State of Assam on EPC Mode Package-I Road and Utility Works,26.1445,91.7362,693.97,100.0,44.5,100.0
618934,Guwahati Ring Road in the State of Assam,26.1445,91.7362,5729.47,14.44,5.73,0.0
618958,2L with ES of Yagyi - Kalewa section from Milepost 40/0 to Milepost 115/5 in Myanmar,26.1445,91.7362,1200.14,89.99,0.0,52.0
619013,"Construction of Balance Work of 4-Laning of the Section from Jhanji to Demow of NH- 37 Old from Km 501.800 to Km 514.800 13.000 Km, under SARDP- NE under EPC Mode in the state of Assam Pkg-II Road Works",26.1445,91.7362,542.87,91.51,20.48,73.88
619057,Construction of 4-Lane Badarpur Bypass from Design Chainage km 27300 at crossing with NH-6 Old NH-44 Near Siddeswar Pt.-I Village to Design Chainage km 38600 on NH-37 Old NH-44 at Kandigram Chaita Village on Silchar - Churaibari stretch in the State of Assam on EPC Mode under Bharatmala Pariyojana in Economic Corridors,26.1445,91.7362,574.26,81.05,57.64,71.09
619060,"Construction of Balance Work of 4-Laning of the Section from Jhanji to Demow of NH- 37 Old from Km 514.800 to Km 534.800 20.000 Km, under SARDP- NE under EPC Mode in the state of Assam Pkg-III Road Works",26.1445,91.7362,619.7,91.51,9.13,72.0
619089,Balance work of 4L of NarimbangloJatinga Junction- Harangajoroad section from Km 0.000 to Km 49.230 of NH-27,26.1445,91.7362,2745.74,99.92,50.74,98.0
617897,Construction of proposed 4Lane Revelgunj bypass NH-19 in the State of Bihar on EPC mode connecting NH 19 to 85 origin,25.5941,85.1376,295.24,90.15,14.96,88.65
617958,Widening & Strenthening from km132.895 to km 190.15 NH-80,25.5941,85.1376,566.1,93.63,51.91,73.21
617961,Gaya-Hisua-Rajgir-Nalanda-Biharsharif section km0.00 to 92.935 NH-82,25.5941,85.1376,2138.16,98.29,0.0,97.0
617966,Rehabilitation and Upgrading to 2 lanes/2-lane with paved shoulders configuration and strengthening of of Birpur and Bihpur Section from km 0.0 to Km 106 of NH 106 under phase I of National Highways Interconnectivity Improvement Projects NHIIP ICB No.,25.5941,85.1376,961.33,98.3,0.0,99.74
617969,Construction of 4 Lane ROB and its approaches at the level crossing LC No 29 B of Km 29 Ekangarsarai at NH 110 New NH 33 & Railway Km 32.63 at Fatwa FUT Islampur IPR section in the state of Bihar on EPC mode.,25.5941,85.1376,201.08,86.07,0.0,62.0
618004,Construction of Bhabhua Bypass from Ch. 10800Design Ch. 10800 to Ch. 19860 Design Ch. 18150 and Chand Bypass from Ch. 38060 Design Ch. 36250 to Ch. 40460 Design Ch. 38650 and widening of existing road to 2 - lane with Paved shoulder from Ch. 40460 Design Ch. 38650 to Ch. 46860 Design Ch. 45050 of NH-219 Total length-,25.5941,85.1376,179.86,10.95,1.32,2.0
618073,Improvement to Two lane with Paved Shoulder from Junction of NH22 near Hajipur to Junction of NH -122 at Bachhwara via Mahnar and Mohiuddin Nagar from Km 0.00 to Km 29.730 of NH 122 B in the State of Bihar.,25.5941,85.1376,226.16,79.76,0.0,61.0
618074,Pre construction activity of NH 122B from km 0 to 72.348 and Improvement to two lane with paved shoulders of NH 122B from km 29.730 to km 72.348 in state of Bihar under EPC mode,25.5941,85.1376,624.43,99.92,24.7,96.0
618080,Improvement to two lane with paved shoulders of BH WB Border Amdabad Manihari section from design Km 0.000 to Km 23.945 of NH 131 A Total length 23.945 Km under EPC mode in the state of Bihar,25.5941,85.1376,353.27,59.92,0.0,7.5
618120,construction of Four-Lane of chausa-Buxar Bypass from Km 45.000 to Km 65.915 Package - 2 in the State of Bihar on EPC Mode.,25.5941,85.1376,1060.16,28.9,0.02,4.0
618121,Improvement to two lane with paved shoulders of NH-319A from km 0 to km 45 in state of Bihar under EPC mode,25.5941,85.1376,427.29,92.55,46.39,93.0
618126,"Pre-Construction activities from Km 134.000 to Km 190.233 of NH-333A and Construction of 4 no. of Bypasses at Katoria, Lakhpura, Banka & Panjwara total length-14.359 Km to two lane with paved shoulders standard in State of Bihar.",25.5941,85.1376,479.37,74.02,14.05,58.75
618146,Estimate for Improvement to two lane with paved shoulder from Ramnagar to Roseda from km 3.500 to 43.000 of NH 527 E on EPC mode in State of Bihar,25.5941,85.1376,495.16,73.25,0.08,39.0
618228,construction of a new 4 lane Parallel to existing MG Setu with its approaces from km 0.00 to km 14.500 across river Ganga on NH-19 at Patna in the state of Bihar.,25.5941,85.1376,2926.42,80.21,21.28,75.33
618234,Construction of a new 4-lane major bridge across river Kosi at Phulaut including Rehabilitation and upgradation of existing Birpur and Bihpur section of NH-106 from km 106.000 to km 136.000 to 2-lane with paved shoulders in the State of Bihar on,25.5941,85.1376,1478.4,91.07,60.98,98.6
618246,Construction of New 4-Lane Bridge Parallel to existing Vikramashila Setufrom km 8920 to Km 13375including approach road 35m Naugachhia side &53 m Bhagalpur sideacross River Ganga on newly declared NH-131B at Bhagalpur in the State of,25.5941,85.1376,1110.23,55.7,47.07,52.6
618250,Construction of 6-Lane Elevated / Extra Dose Cable Bridge on River Ganga parallel to & Western side of Digha-Sonepur Rail cum-Road Bridge of NH 139W in the State of Bihar,25.5941,85.1376,3064.45,49.01,0.0,18.66
618251,"Improvement and Up gradation to four lane with Paved shoulder configuration from Existing Km 0000 to Km 39500 design km 0500 to Km 40342, Design length km of NH 227A near Mehrauna GhatUP Bihar Border to Siwan on the state of Bihar on Hybrid",25.5941,85.1376,1661.25,36.51,0.05,9.07
618571,Permanent rectification of 3 nos. of black spots in project Highway NH-27 of U.P border - Dewapur - Kotwa section from Km.360.915 to km.440.000 Total Length of 79.085 Km of NH-27& Permanent rectification of 5 nos. of black spots of project Highway NH-27 of Kotwa - Mehsi - Muzaffarpur Section from km.440.000 to,25.5941,85.1376,321.23,88.78,72.75,83.01
618725,6L Greenfield Varanasi-Ranchi-Kolkata Highway from Pachmon village to Anarbansalea village From KM. 116000 to KM. 151200 Package-6,25.5941,85.1376,1920.21,45.62,22.45,24.8
618726,6L Greenfield Varanasi-Ranchi-Kolkata Highway from junction with Chandauli- Chainpur Road near Khainti village to junction with Bhabhua-Adhaura road near Palka village from Km. 27.000 to Km. 54.000 Pkg-2,25.5941,85.1376,1341.52,41.51,18.82,26.77
618727,6L Greenfield Varanasi-Ranchi-Kolkata Highway from junction with Bhabhua-Adhaura road in Bhairopur village to Konki village From KM. 54.000 to KM. 90.000Pkg-3,25.5941,85.1376,1711.44,41.51,19.18,26.31
618738,6L Bridge and its approaches across River Ganga as Part of Patna Ring Road NH- 131G starting from Km 8.480 near Sherpur to Km 23.000 near Dighwara,25.5941,85.1376,3351.62,52.99,21.91,22.05
618739,4L Greenfield Alignment of Amas to Shivrampur from 0.000 Km. to 55.002 Km. of NH 119 D Pkg-I,25.5941,85.1376,1427.43,78.84,45.01,54.8
618740,4L Greenfield Alignment of Shivrampur to Ramnagar from Km. 55.002 to Km. 109.300 of NH 119 D Pkg-II,25.5941,85.1376,1546.07,71.09,45.43,50.8
618741,4L Greenfield Alignment from Kalyanapur to Tal Dashraha of NH-119D Pkg-III,25.5941,85.1376,1969.3,68.79,48.61,36.25
618742,"Construction of 6-lane Greenfield corridor from Ramnagar to Kacchi Dargah NH-119D from Km 109700 to Km 122300, including widening of the existing NH-31 from Km 196700 to Km 198600, as part of the Amas-Darbhanga.",25.5941,85.1376,1113.46,16.55,1.12,0.8
618775,Ara Bypass,25.5941,85.1376,226.32,55.39,2.63,25.78
618790,Construction of four laning of Bakarpur- Manikpur road section starting from village Chitarsenpur km 0000 and terminating at SH-74 near Manikpur 38814 at NH-139W under Bharatmalapariyona,25.5941,85.1376,1537.99,62.72,41.35,49.0
618791,4L PS under NH configuration of Manikpur-Sahebganj of NH-139W,25.5941,85.1376,1538.76,30.19,38.73,27.5
618840,Simaria Km. 206.050 to Khagaria Km. 266.282,25.5941,85.1376,891.64,98.3,91.32,97.73
618841,4L Elevated Section and at-grade improvements at Begusarai town Simaria - Khagaria section from Km. 221.047 to Km. 225.302 of NH-31,25.5941,85.1376,348.38,99.93,101.66,95.72
618861,Bakhtiyarpur-Rajauli Pkg-II from km. 54.405 to km.101.630,25.5941,85.1376,1397.47,99.95,65.42,97.85
618862,Bakhtiyarpur-Rajauli Pkg-III from km. 101.630 to km.152.520,25.5941,85.1376,3046.61,99.94,59.7,99.14
618902,Maheshkunt-Saharsa-Purnea Pkg I km 0.00 to km. 90.00 of NH-107,25.5941,85.1376,1311.22,98.7,85.89,90.07
618903,Maheshkunt -Saharsa-Purnea Pkg II,25.5941,85.1376,1244.09,98.87,98.9,94.0
618905,Widening with additional 3L abetting Chhapra Bypass Section of NH-19 from Km. 143.200 to Km. 159.255 Pkg-1,25.5941,85.1376,528.48,92.16,57.29,77.28
618914,"4L Elevated Corridor and at-grade improvements from Design Ch0000 to Design Ch 19870 of Danapur Bihta Section, Design Ch0000 to Design Ch0231 connecting the existing RoB near Danapur station ,1.35 Km ramps and at-grade improvements to 4- lane section on Danapur side and Upgradation of existing Two lane carriageway to",25.5941,85.1376,2625.4,70.67,60.11,63.91
618917,4L Greenfield starting from NH-30 near Saristabad Patna to Nathupur Project end point of Patna-Gaya-Dobhi Section of NH-83,25.5941,85.1376,419.66,96.5,24.08,88.3
618926,4L of Siwan- Masrakh section of Ram Janki Marg from Km 230.385 to Km 281.391 of NH-227A,25.5941,85.1376,1927.04,43.6,26.16,10.97
618953,Umagaon-Saharsa Package-IV Koshi Bridge & approach Road - Bheja-Bakaur,25.5941,85.1376,1223.94,91.76,107.22,92.4
618954,Umagaon - Saharsa Package - I Combined Umagaon-Kaluahi0.000KM to 21.609Km of NH227LSaharghat-Rahika0.000 Km to 26.130KM of NH227JRahika-Rampatti 0.00 KM to 15.00KM of NH527ABideshwarsthan-Bheja0.000KM to 25.915KM of NH527A.,25.5941,85.1376,1703.02,63.23,37.84,23.78
618955,2L PS of Majhauli to Charout section from km. 0.00 to km. 63.655,25.5941,85.1376,1067.51,99.96,102.68,99.8
618956,Construction of Major Bridge over Baghmati and Lakhandei River along with Approaches from Design km.16.500 to km.21.500,25.5941,85.1376,380.3,53.57,15.05,26.84
619127,4L of Greenfield Alignment from Km. 47.000 to Km. 89.210 of Balbhadarpur to Bela Nawda Section of NH-119D,25.5941,85.1376,2118.46,60.37,36.11,30.41
619136,Rehabilitation and Upgradation of Chorma - Bairgania Section of National Highway No 227F to 2 lane with paved shoulders from Design Ch.0.000 to Ch. 34.566,25.5941,85.1376,628.65,99.89,53.67,100.0
619152,Bakhtiyarpur Km 153.300 to Mokama Km 197.900,25.5941,85.1376,1898.84,99.97,94.75,99.95
619166,Umagaon-Saharsa Package-V Bakaur-Parsarma-Bangaon-Bariyahi & Spur to Mahishi,25.5941,85.1376,968.42,99.9,52.59,99.5
619289,4L of Munger Mirzachauki section from Munger to Kharia village junction from Km 69520 to Km 95580 Pkg-1,25.5941,85.1376,1696.66,96.3,40.4,82.72
619301,Construction of Approach Road to Rail-cum- Road Bridge across river Ganga at Munger Ghat NH-333 B,25.5941,85.1376,633.91,99.96,90.54,99.99
619305,4L of Munger Mirzachauki section from start of existing Bhagalpur bypass to Rasulpur from Km 125000 to Km 157350 Pkg-3,25.5941,85.1376,2024.59,92.79,33.36,77.3
619306,4L of Munger Mirzachauki section from Km 95580 to Km 125000 Pkg-2,25.5941,85.1376,1235.65,99.94,52.04,95.9
619317,4L of Hajipur-Muzaffarpur Section of the existing NH-77 from Km. 0000 Ramashish Chowk to Km. 46300 and new bypass starting at Km. 46300 and connecting NH-28 of E-W Corridor at Km. 515045,25.5941,85.1376,2906.78,99.46,74.34,99.45
617908,Bemetara Bypass NH 30,21.2514,81.6296,161.96,66.58,0.0,42.0
617919,Construction of 4 Nos Grade separtor between km. 281.000 to km. 307.600 km. 286.400 kumhari km. 299.000 Transport Nagar km. 302.000 Power House km. 304.000 Chandra Moura Chowk to km. 305.000 supeia of NH-53 old NH-06 Raipur - Durg 4 Lane on EPC mode in the state of chhattisgarh job NO. NH-53old NH-06 CG-,21.2514,81.6296,349.03,100.0,87.11,97.9
617971,Up-gradation to Two/Four lane with paved shoulder Configuration of Kondagaon- Narayanpur from design ch. 0.00 - 48.693 Design Length 47.493 Km. 1.20 Km. retained on NH-130D under EPC mode in the State Chhattisgarh.,21.2514,81.6296,322.4,70.82,0.35,70.0
617972,Upgradation to Two lane with Paved Shoulder Configuration of Narayanpur Kasturmeta pkg-II from design ch. 48.693 to 70.453 design length21.760 Km. on NH-130D under EPC mode in the state of Chhattisgarh.,21.2514,81.6296,200.67,100.0,0.0,0.0
618014,"Upgradation of Ambikapur-Ramanujganj-Garwa road of NH-343, Package-III, Badki mahri village to Ramanujganj section from existing km 80.600 to km 110.330 Design Ch. 85.370 to Ch. 114.800 of total length 29.430 km to two lane with paved shoulders",21.2514,81.6296,199.05,88.03,26.63,38.56
618015,"Upgradation of Keonchi - Ratanpur Road of NH 45 Package-I, from design chainage km 237.860 to km 273.200 of length 35.340 km to two lane with paved shoulders under Corridor scheme on EPC mode in the state of Chhattisgarh.",21.2514,81.6296,228.93,86.07,36.58,60.0
618016,"Upgradation of Ambikapur Ramanujganj - Garhwa Road NH 343 of Package-I, Rajpuri Khurd Village to Padih Village section from existing km 7.830 to km 57.650 Design Ch. 13.700 to Ch. 62.700 of total length 49.00 km to two lane with paved",21.2514,81.6296,397.44,62.47,19.29,28.07
618017,"Upgradation of Keonchi - Ratanpur Road of NH 45 Package-II, from design chainage km 278.75 to km 321.348 of length 42.598 km to two lane with paved shoulders under Corridor scheme on EPC mode in the state of Chhattisgarh.",21.2514,81.6296,286.0,86.07,32.43,60.0
618018,Upgradation of Bilaspur-Takhatpur-Mungeli-Pandariya-Pondi Road on N.H.-130A Package IIIA Takhatpur By-pass from existing Ch. 26.542 to 32.093 [Design Ch. 18.700 to 25.900] & Mungeli By-pass from existing Ch. 45.786 to 56.275 [Design Ch. 29.600 to 51.600] and Package IIIB Pandariya By-Pass from existing Ch. 82.582 to 87.133 [Design Ch. 77.900 to 81.1000 & Pondi By-pass from existing Ch. 103.166 to,21.2514,81.6296,351.19,88.45,3.31,11.0
618589,Durg-Raipur Bypass Section Package - 1 from km. 0.00 to km. 44.50 near Tendesara to near Khatti Village,21.2514,81.6296,1656.73,84.09,64.2,75.39
618590,Durg-Raipur-Arang Package - 2 from km. 44.50 to km. 92.23 near Khatti Village to near Aurang,21.2514,81.6296,1561.97,84.44,64.1,73.96
618639,4L of Bilaspur to Urga km 0.00 to 70.2 of NH-130A,21.2514,81.6296,2523.86,92.91,58.28,94.81
618640,4L of Urga - Pathalgaon from Km. 70.200 to km. 157.745 of NH-130A,21.2514,81.6296,2860.36,99.89,39.17,81.5
618646,4L of Pathalgaon-Kunkuri-CG/JH Border section of NH-43 from Km. 00.000 to Km.104.250,21.2514,81.6296,3147.07,11.04,0.0,0.0
618673,Development of 6L of Jhanki Sargi Section Road from km 0.000 to km 42.800 of NH- 130CD Pkg-CG-1,21.2514,81.6296,1129.14,88.54,63.35,99.35
618674,Development of 6L Sargi Basanwahi Section from km 42.800 to km 99.500 of NH- 130CD Pkg-CG-2,21.2514,81.6296,1461.81,99.92,51.83,100.0
618675,Development of 6L of Basanwahi Marangpuri Section from km 99.500 to km 124.661 of NH-130-CD,21.2514,81.6296,1303.63,82.92,37.55,70.73
618957,4 laning of Champa - Korba from km 0.00 to km 38.2,21.2514,81.6296,1304.47,99.94,72.42,98.75
619039,"Balance Works of Rehabilitation and Up gradation of NH-43 New NH-30 from Krn 162120 to Krn 173500 Length 11.380 Km. Keshkal Bypass 4-Lane with Paved shoulder in the State Of Chhattisgarh under NHDP-IV through Engineering,",21.2514,81.6296,307.96,8.21,0.0,0.0
619103,4/6 Laning of Raipur-Simga Pkg-I from km. 0.00 to km. 48.58,21.2514,81.6296,1172.36,99.97,77.22,100.0
619167,4 Laning with PS of Pathrapalli-Katghora km 53.3 to km 92.6 Pkg-II of Bilaspur Kathghora,21.2514,81.6296,1275.26,95.7,66.95,93.1
619347,Balance Work Estimate of Rehabilitation and Up-gradation of NH- 43 from Km. 468.600 to Km. 531.250 Pathalgaon to kunkuri Section to two-lane with paved shoulder in the State of Chhattisgarh on SBD mode under NHO under Annual plan,21.2514,81.6296,201.16,8.21,0.0,0.0
619183,Widening of Existing Road from Intermediate Lane 2-lane to 4-lane Between Km 19.994 to Km 35.180 of NH-848A Rakholi-Khadoli-Velugam Section in U.T. of Dadra Dadra & Nagar and Nagar Haveli and Daman and Diu,22.5937,78.9629,239.57,99.89,32.45,80.0
618509,Development of 6L UER II [Package - I] NH-1 Near Bakoli till Karala Kanjhawala Road from km. 0.70 to km.15.00,28.6139,77.209,2203.45,99.94,83.27,99.99
619090,8L of Dwarka Expressway Pkg-II RuB near Dwarka Sector 21-DL/HR Border from 5.300 Km.to 9.500 Km. of NH-248BB,28.6139,77.209,2670.22,99.96,89.19,100.0
619202,Dwarka Expressway from Km -0.600 to Km 5.300 - Pkg-I Shivmurti Chowk-RuB near Dwarka Sector 21,28.6139,77.209,3929.5,99.95,89.38,98.8
617941,4-Laning from End of Zuari approaches to Start of Margao Bypass section of NH-66 from Km 536.800 to Km 543.450,15.4909,73.8278,398.25,24.66,0.07,1.0
617942,Construction of Six lane Elevated Corridor from Km. 508.000 to Km. 513.150 including approaches on NH-66,15.4909,73.8278,641.46,93.21,0.0,99.08
617943,4-laning of Navelim to Cuncolim Section of NH-66 from Km 554.245 to Km 561.480 on HAM Mode,15.4909,73.8278,746.75,13.24,0.0,0.0
618609,Construction of 4L Flyover from MES College Junction to Bogmalo Junction on NH- 566 from Km. 7.106 to Km. 10.460 and 4L VUP at Queeny Nagar Junction from Km. 3.330 to Km. 4.550,15.4909,73.8278,316.28,72.68,53.18,59.18
617906,Up-gradation of Dhoraji-Jamkandorna-Kalavad Section of NH-927D from Design Chainage km 0/00 to km 58/115 to Two lane with PS configuration in the State of Gujarat on EPC,23.2156,72.6369,291.19,78.9,0.0,35.0
617916,Work of 6 laning/Construction of elevated corridor from km 0/0 to 10/170 Narol Junction to Sarkhej junction including 4 lane Shastri Bridge on Sabarmati river on NH 47 in the State of Gujarat on HAM mode,23.2156,72.6369,1295.39,39.82,0.0,35.0
617926,Construction of new 4 lane major bridge with approaches on Sabarmati River near Dharoi at Km. 82/00 to 86/00 Design length 3.300 km on NH-58 in the State of Gujarat on Hybrid Annuity Mode HAM,23.2156,72.6369,398.4,49.86,0.0,53.0
617927,Widening to 2LPS between Km 0/0 to 56/0 Khokhara Gujarat Border Vijayanagar Antrasuba Mathasur road of NH 58 in the State of Gujarat,23.2156,72.6369,699.19,45.62,0.0,36.0
617928,"Widening 2 lane to 4-lane from KM 92/320 to Km 115/320 Vav Chokdi-Satlasana to to Vrundavan Chokdi, Kheralu on NH-58 in the State of Gujarat.",23.2156,72.6369,171.27,99.89,0.0,98.0
617976,Work of development and construction of elevated corridorfrom km 38/660 to km 42/690 Iscon junction to start point of approach of sanand flyover of NH-147 in the sate of Gujarat,23.2156,72.6369,530.2,96.11,10.99,90.0
618022,Upgradation to two lane with paved Shoulder Configuaration from Km. 0/00 to 47/000 of NH 351 Mahuva to Badhada section in the State of Gujarat,23.2156,72.6369,219.08,88.1,10.33,77.0
618107,Upgradation of Mehsana-Visnagar-vadnagar-Kheralu-Idar section from km 0/00 to 81/300 of NH 168G Mehsana to Idar in the State of GujaratTotal Length 81.300 Km on Hybrid Annuity Mode HAM,23.2156,72.6369,1155.21,26.51,36.49,23.0
618108,Up-gradation and strengthening to 2lanePS from Km 95/500 to km 129/775 of Nh 168G Idar-Bhiloda-Samlaji in the state of Gujarat Length 34.275 km,23.2156,72.6369,237.28,88.78,17.51,64.5
618459,Delhi-Vadodara Greenfield Alignment NH-148N Pkg-26 Ch.696890 to Ch.726390,23.2156,72.6369,1556.4,87.85,82.78,85.5
618462,Delhi-Vadodara Greenfield Alignment NH-148N Pkg-31 Ch.824920 to Ch.844382 [Junction near Pratap nagar Village - Junction near Dodka Village],23.2156,72.6369,1651.14,99.95,78.6,100.0
618463,Vadodara Mumbai Expressway Kim to Ankleshwar Phase IA - Pkg V,23.2156,72.6369,2807.48,99.96,55.09,91.34
618467,Vadodara Mumbai Expressway Karvad - Jujuwa from Km. 128.000 to Km. 154.600 Phase-I Package-IX,23.2156,72.6369,2587.04,71.75,9.11,21.75
618503,Ahmedabad - Dholera Pkg III from km. 48.52 to km. 71.06 [Vejallka Village - Start of DSIR zone],23.2156,72.6369,1155.41,99.95,97.42,100.0
618504,Ahmedabad - Dholera Pkg IV from km. 71.06 to km. 109.019 [Start of DSIR zone - Adhelai Village],23.2156,72.6369,1358.73,99.94,90.0,98.08
618507,"Balance work of Six Laning of Shamlaji-Motachiloda from Km. 401.200 to Km.494.410 section Design Chainage Km.447.385 to Km 540.595, Length- 93.210 Km of old NH-8 NH-48 in the state of Gujarat on single Percentage Item Rate Contract",23.2156,72.6369,501.48,99.86,115.18,91.83
618508,Construction of Additional Structures including Approaches in Vadodara Surat Section of NH48 between existing Km. 108.000 to Km. 250.000,23.2156,72.6369,907.39,65.38,40.63,48.73
618564,6L with PS of Samakhiyali to Santalpur section from km. 339.700 to Km. 430.100 of NH-27,23.2156,72.6369,34.34,82.04,83.46,64.52
618615,Sanchore - Santalpur from km 99.000 - km 130.073 of NH-754K AJ-RGBS-Package-4,23.2156,72.6369,835.55,99.95,91.9,99.7
618616,4L of Dhrol bypass section of NH-151A Approx. length 5.7 Km & widening upto 4 laning of missing link of Amran section of NH-151A Approx. length 6.55 Km from existing Ch. 42000 to 48500 of ongoing Dhrol-Bhadra-Pipaliya section of NH-151A,23.2156,72.6369,455.54,74.66,33.36,35.47
618787,"Upgradation to 4L PS from Bhimasar, Junction of NH-41 to Anjar- Bhuj upto Airport Junction from Km 0.000 to Km 65.478 of NH-341",23.2156,72.6369,1687.25,85.99,49.66,96.0
618901,4L PS Divided Carriageway from Patan Near Rajpur to Gojariya From Km 52.000 to Km 128.940 of NH-68,23.2156,72.6369,1098.23,93.06,85.06,87.12
618930,4L PS from Ch. 94.030 in Jabugam Village to Ch. 132.320 in Dhamasiya Village of NH-56 Pkg-III,23.2156,72.6369,898.0,37.26,19.99,25.82
618931,4L PS from Ch. 179.780 in Bitada/Movi Village to Ch. 208.900 in Nasarpore Village of NH-56 Pkg-V,23.2156,72.6369,566.96,37.26,14.53,10.08
619061,Construction of 4 lane with PS Idar-Badoli bypass section from design km 81/300 to km 95/500 of NH 168G in the State of Gujarat,23.2156,72.6369,705.09,12.45,0.0,7.0
619087,Widening to 6L of Existing 4L Jetpur - Gondal - Rajkot Section from Km. 117.600 to Km. 185.00 on NH-27,23.2156,72.6369,1390.29,87.36,80.34,76.83
619145,Four Laning of Una to Kodinar from km. 180.478 to km. 221.610 Package-V,23.2156,72.6369,1126.66,100.0,89.54,100.0
619197,Delhi-Vadodara Greenfield Alignment NH-148N Pkg-27 Ch.729.700 to Ch.756.052,23.2156,72.6369,1259.27,99.94,82.99,98.9
619297,Upgradation of Existing Two Lane Carriageway to Two Lane Carriageway with Paved Shoulder from Ch. 665686 Existing Km. 665.686 in Khanpur Village in Vansda Taluka to Ch. 710470 Existing Km. 710.483 in Karvad Village in Vapi Taluka Length 44.784,23.2156,72.6369,647.2,16.3,1.43,0.0
618482,Delhi-Amritsar-Katra Expressway Phase-I Pkg-I from Jussur Kheri on NH-KMP Expressway to Junction with Rohtak-Panipat road NH-709 near Rukhi Paani village Km 0000 to Km 34000,30.7333,76.7794,2429.9,100.0,66.25,99.91
618483,Delhi-Amritsar-Katra Expressway Phase-I Pkg-II from Junction with Rohtak-Panipat road NH-709 near Rukhi Paani village to Junction with Jind-Panipat road NH-352A near Gangana village Km 34000 to Km 60800,30.7333,76.7794,1792.53,100.0,65.62,99.89
618506,"Construction of Additional Structures, Improvement of Service Road & Maintenance of Six Lane Gurgaon-Jaipur Section of NH-48 old NH-8 between km 42700 to km 107100 in the State of Haryana",30.7333,76.7794,240.02,62.47,54.91,61.38
618580,Gohana - Sonipat PKG-2,30.7333,76.7794,1957.44,100.0,62.63,97.86
618788,4L Greenfield Jalbhera Shahbad section from km. 0.000 to km. 22.850 of NH-152G,30.7333,76.7794,1173.66,99.91,46.92,87.05
618792,4L Bhiwani-Hansi road section of NH-148B,30.7333,76.7794,1144.21,99.9,39.84,99.5
618936,Jagadhari - Tajewala from Km -0.175 to 32.337 km of NH-344,30.7333,76.7794,919.43,85.7,77.52,68.0
619080,4L PS of Ambala Ring Road of New NH-44,30.7333,76.7794,1225.41,97.0,48.6,92.97
619092,4L of Jind-Gohana road Package-1 from km. 0.00 to km. 40.601 of NH-352 A under NHO,30.7333,76.7794,1606.82,100.0,66.25,99.97
619132,4/6L of Gurgaon - Pataudi - Rewari from km. 0.00 to km.43.87 of NH-352W,30.7333,76.7794,1917.5,99.94,66.1,77.76
619201,Karnal ring road Lot-4/Pkg-1,30.7333,76.7794,2041.54,94.64,40.88,96.66
618215,Improvement/construction of existing CL-5 Road to NH Intermediate lane specification with hard shoulder from Km 166.000 to 203.77 net Length 37.770 kms of NH-505 Sumdo-Kaza-Gramphoo road in the state of Himachal Pradesh on EPC mode,31.1048,77.1734,194.0,72.15,0.0,22.26
618216,Improvement/construction of existing CL-5 Road to NH Intermediate lane specification with hard shoulder from Km 133.000 to 166.000 net Length 33.000 kms of NH-505 Sumdo-Kaza-Gramphoo road in the state of Himachal Pradesh on EPC mode under,31.1048,77.1734,203.15,73.93,15.46,23.24
618217,Improvement/construction of existing Class-5 Road to NH Intermediate lane specification with hard shoulder from existing Km 76/340 to 134/940 Design chainage from Km 76/300 to 133/000 net Length 56.700 kms of NH-505 Sumdo-Kaza-,31.1048,77.1734,244.15,76.43,38.2,62.28
618230,Rehabilitation and Upgradation to 2-lane configuration of Kalwahn-Mandi Section km 208.950 to 250.592 of NH-70 in the State of Himachal Pradesh under Green National Highways Corridor Project GNHCP with the loan assistance of World Bank on EPC,31.1048,77.1734,314.32,91.92,0.0,70.58
618231,Rehabilitation and Upgradation to 2-lane configuration of Hamirpur-Karnohal Section km 141.00 to 181.00 of NH-70 in the State of Himachal Pradesh under Green National Highways Corridor Project GNHCP with the loan assistance of World Bank on EPC,31.1048,77.1734,371.93,97.94,53.33,93.62
618232,Rehabilitation and Upgradation to 2-lane configuration of Karnohal- Kalwahn Section km 181.00 to 208.950 of NH-70 in the State of Himachal Pradesh under Green National Highways Corridor Project GNHCP with the loan assistance of World Bank on,31.1048,77.1734,190.02,89.08,40.96,58.0
618253,Construction of missing link from Birhu to Lathiani from Km 35/550 Design chainage Km 0.000 to Km 42/800 Design Chainage Km 8.153on NH-503A including Lathiani Bridge on back water of Govindsagar and its approaches in Himachal Pradesh.,31.1048,77.1734,896.86,13.87,0.0,0.0
618850,Nerchowk km 190.000 to Pandoh including Pandoh bypass km221.305,31.1048,77.1734,1651.67,99.97,95.35,100.0
618851,Pandoh bypass 221.305 to Takoli 242.000 of NH-21 in the state of Himachal Pradesh,31.1048,77.1734,4465.94,93.52,64.57,95.65
618852,4L Sundar Nagar Bypass from Km.173.900 to Km.179.600 of NH-21,31.1048,77.1734,192.11,99.93,95.05,100.0
618878,Rehabilitation and Upgradation to 4L configuration & Strengthening of Sihuni to Rajol from Km 51.000 to Km 72.000 of NH-154 Package-IIA,31.1048,77.1734,776.59,97.08,63.93,99.18
618879,Rehabilitation and Upgradation to 2L PS configuration & Strengthening of Padhar to Bijni section from Km 180.000 to Km 202.815 of NH-154 Pkg-VA,31.1048,77.1734,930.86,87.26,71.56,99.86
618880,Rehabilitation and Up-gradation to 4L configuration & Strengthening of Thanpuri to Paror section from Km 85.135 to Km 100.840 of NH-154 Pkg-IIC,31.1048,77.1734,666.79,78.33,74.52,56.61
618881,4L PS bijni to mandi section from Km 202.815 to Km 208.000 of NH-20 New NH-154 of Pathankot-Mandi Package-VB,31.1048,77.1734,1112.39,56.56,49.18,35.3
618888,Rehabilitation and Up-gradation of existing road to 2L PS from End of Hamirpur Bypass near Chilbahal to Bhangbar section from Km. 138.295 to Km.175.270 of NH- 88 Pkg-IV,31.1048,77.1734,1358.62,90.82,72.67,97.2
618889,"4L of Bhangbar Near Ranital to Kangra Bypass Section of Old NH-88 New NH- 303,503 up to Intersection with NH-154 from Km 175.270 to Km 193.400 Pkg-VB",31.1048,77.1734,1829.49,97.66,60.27,97.45
618890,2L PS of Hamirpur Bypass from Km 121.175 to Km.138.295 of NH-103&3,31.1048,77.1734,754.82,89.37,49.01,94.37
618891,4L PS from Kalar Bala Village to Nauni Chowk of NH 205 from Km 41.000 to Km 58.450,31.1048,77.1734,786.91,53.46,18.52,31.46
618892,"4 Lane with Paved Shoulder from Dareota Village to Kalar Bala NH 205, Design Chainage -Km 33185 to Km 41000, Design Length-7.815 Km Package-IIB",31.1048,77.1734,992.85,8.21,0.53,0.68
618921,4L of Kathlighat to Shakral Village from Km 128.835 to Km 146.300 of NH- 5 Shimla Bypass - Pkg I,31.1048,77.1734,2648.8,78.41,44.65,64.2
618922,4L of Shakral Village to Dhalli Section from Km 146.300 to Km 156.560 Shimla Bypass - Pkg II and Shimla connectivity from Km 0.000 to Km 0.725 of NH-5,31.1048,77.1734,2880.72,64.38,52.27,59.88
619003,Solan - Kaithlighat Section of NH-22 Now NH-5 from Km. 106.139 to Km.129.05,31.1048,77.1734,1519.53,96.82,88.7,90.11
619153,4L of HP/Punjab Border - Mo from km. 11.00 to km. 42.00 of Old NH-20 New NH-154 Package-IA,31.1048,77.1734,1363.04,92.66,60.14,68.65
618038,Construction of Shopian Bypass on NH-444 taking off from existing chainage Km 36500 and re-joining at km 47588 of existing Chainage New Design Ch. From km 28000 to km 36925 as 2- lane with paved shoulder in the UT of Jammu & Kashmir on Jammu and,22.5937,78.9629,224.44,28.9,0.0,3.0
618201,Widening and strengthening to 2 lane with paved shoulder from existing Ch. Km 56720 to Km 100820 and Design Ch. From Km 62600 to Km 106360 Total Length43.760 Km on SRINAGAR -BARAMULA URINH-01 in the UT of Jammu & Jammu and,22.5937,78.9629,702.1,67.62,0.0,51.0
618202,Construction of 2 lane with paved shoulders Baramulla Bypass Greenfield bypass from existing Ch. Km 47020 to Km 56720 and Design Ch. From 48500 to 62600 Total length 14.100 km on road Srinagar Baramulla Uri NH-01 in the UT of Jammu & Jammu and,22.5937,78.9629,992.43,67.57,11.3,46.8
618203,"Construction of 4 lane with paved shoulder Pattan bypass Greenfield bypass from existing Ch. Km 24320 to Km 33760 and Design Ch. from Km 24400 to Km 35300, total length 10.900 km on road SrinagarBaramulla Uri NH-01 in the UT of Jammu & Kashmir under Project BEACON, Border Roads Organization BRO on EPC mode. Jammu and",22.5937,78.9629,980.21,79.76,13.47,57.0
618204,Construction of realignment between Pandrass- Pashkyun Total length 27.10 km on road Zozila-Kargil -Leh NH-1 to 2 lane specifications i.e. Drass alignment 9.30 km Kharboo realignment 6.30 km & Kargil alignment 11.50 km under project Jammu and,22.5937,78.9629,426.15,77.53,26.33,54.89
618205,"Construction of 4 lane with paved shoulder from Existing Ch. 14200 to 24320 Design Ch. 14200 to 24400, Ch. 33760 to 42780 Design Ch. 35300 to 44294 & Ch. 43440 to 47020 Design Ch. 44958 to 48500 Delina Flyover including construction of flyover length 1.704 km of total length 22.736 kms in AOR of 760 BRTF on road SRINAGAR Jammu and",22.5937,78.9629,823.46,89.9,36.31,85.5
618206,Widening and Strengthening of Rafiabad-Kupwara-Chowkibal-Tangdhar-Chamkot NH- 701 road from design Ch. From 0000 to 51000 to two lanes with paved shoulders under Project Beacon in the UT of Jammu & Kashmir on EPC mode Package-I. Jammu and,22.5937,78.9629,1404.94,69.92,11.43,41.7
618221,Rehabilitation and upgradation to 2 lane with paved shoulder from existing chainage Km 166.100 to Km 192.98 design chainage Km 146.700 to Km 162.800 including construction of Bhimber Gali Tunnel Total Length of Tunnel 1.100 Km under 31 BRTF Jammu and,22.5937,78.9629,734.64,69.41,0.0,60.0
618222,Widening and Strengthening up gradation to 2 lane with paved shoulder from existing chainage Km 192.98 to Km 229.820 design chainage Km 162.800 to Km 198.18 under 31 BRTF on Akhnoor-Poonch Road NH-144A in the UT of Jammu and Kashmir under Project Sampark Border Roads Organisation BRO on EPC Mode Package-VIII Job No Jammu and,22.5937,78.9629,562.45,81.56,28.21,71.27
618223,Rehabilitation and up-gradation to 2 lane with paved shoulder from existing chainage km 64535 to km 85385 Design chainage km 55800 to km 74350 under 13 TF on Akhnoor-Poonch road NH-144A under Project Sampark BRO in the UT of Jammu & Jammu and,22.5937,78.9629,152.93,93.58,50.76,90.06
618224,Rehabilitation and up-gradation to 2 lane with paved shoulder from existing chainage km 49150 to km 64535 Design chainage km 46.450 to km 55.800 including construction of Sungal Tunnel Total length of Tunnel 2.79 km under 13 TF on Akhnoor-Poonch road NH-144A under Project Sampark BRO in the UT of Jammu & Jammu and,22.5937,78.9629,796.97,99.95,55.33,92.1
618225,Rehabilitation and up-gradation to 2 lane with paved shoulder from existing chainage km 134950 to km 166100 Design chainage km 116980 to km 146700 under 31 TF on Akhnoor-Poonch road NH-144A in the UT of Jammu & Kashmir under Project Jammu and,22.5937,78.9629,395.25,92.38,40.99,89.2
618226,Rehabilitation and upgradation to 2 lane with paved shoulder from existing chainage Km 30.053 to Km 49.150 design chainage Km 30.000 to Km 46.450 including Kandi Tunnel under 31 BRTF on Akhnoor-Poonch Road NH-144A Under Project Sampark in Jammu and,22.5937,78.9629,272.49,91.75,58.75,95.27
618394,Up-gradation to 2-lane with Paved Shoulder from Km 12.850 to Km20.300 of 7.450Km length on Goha-Khellani section and a link road to Goha village of 2.016 km on NH- 244 in UT of Jammu and Kashmir on EPC Mode Pkg-1 Jammu and,22.5937,78.9629,225.37,97.17,80.85,94.26
618395,"Construction & Upgradation to 2-lane with paved shoulder from Design Ch. Km 51700 at Premnagar km 66315 to Km 66535 New Thatri at Start of Km 83rd, Tunnel Km 82665 of 14.835 Km design length on Chenani-Sudhmahadev-Goha Khellani- Kishtwar-Vailoo Donipawa-Ashajipora section of NH-244 in the UT of J&K on EPC Jammu and",22.5937,78.9629,512.43,96.71,32.13,53.49
618397,Widening and Up-gradation to 2-Lane with Paved Shoulder of configuration and geometric improvement from Km 0.000 to Km 16.990 on Chenani Sudhmahadev section of NH-244 in UT of Jammu and Kashmir to be executed on EPC basis Jammu and,22.5937,78.9629,255.9,100.0,93.77,94.06
618398,Up-gradation to 2-lane with Paved Shoulder from Km 20.300 to Km 29.030 of 8.730 Km length on Goha-Khellani section on NH-244 in UT of Jammu and Kashmir on EPC Mode Package II Jammu and,22.5937,78.9629,210.79,100.0,90.27,96.95
618399,Construction of Kishtwar bypass with 2 lane with paved shoulder from Design Km. 80.675 Dulhasti to km 95.550 Bandarkoot of 14.88 km & a link road to Kishtwar town from 0000 to 1.871 of length1.871 Km on Khellani - Kishtwar - Chattroo section in UT Jammu and,22.5937,78.9629,859.67,85.68,42.23,50.64
618400,Construction & Upgradation to 2-lane with paved shoulder from Design Km 67.805 at the end of Km 83rd Tunnel near Dhrabshalla Ex. Km 83905 to Km 80.675 start of Kishtwar Bypass - Dulhasti Ex. Km 970751 of 12.870 Km length on chenani- Sudhmahadev-Goha Khellani-Kishtwar-vailoo-Donipawa-Ashajipora seition of NH-244 Jammu and,22.5937,78.9629,398.51,100.0,30.13,98.55
618406,Up-gradation to 4-lane with Paved Shoulder of Jammu-Akhnoor road section of NH- 144A from Ganesh Vihar Km 6.000 to Khati Chowk Km 26.350 in UT of Jammu and Kashmir on EPC basis Pkg-3A Jammu and,22.5937,78.9629,322.49,96.53,123.47,92.5
618407,Jammu-Akhnoor Road Pkg-I (NHIDCL) Jammu and,22.5937,78.9629,245.3,95.47,46.97,75.29
618494,Delhi-Amritsar-Katra Expressway Phase-II Pkg-XV [Junction with Hiranagar Road near village Gurha Baildaran to Junction with Jammu Ring Road NH-244A near Jakh village from Km 468100 to Km 503250] Jammu and,22.5937,78.9629,3716.56,92.07,49.69,90.01
618495,4/6L Access Control Expressway from Design Chainage Km 515.000 to 528.300 Kunjwani to Sidhra Section of NH-44 and from Design Chainage Km 550.900 to Km 566.520 Domel to Katra Section Phase II-Package XVII Jammu and,22.5937,78.9629,2894.74,71.62,35.13,66.74
618496,Delhi-Amritsar-Katra Expressway Phase-II Pkg-XVI Existing Jakh Vijaypur-Kunjwani section of NH-44 including spur Connectivity to Jammu Airport NH-144A [Km 503500 to km 514500] Jammu and,22.5937,78.9629,2522.56,97.81,49.1,94.14
618497,Delhi Amritsar Katra Expressway Phase-II Pkg XVIII Development and Upgradation of Four lane Access Control Expressway from Design Chainage KM 530.00 to KM 545.300 Sidhra to Domel Section of NH-44 Jammu and,22.5937,78.9629,975.38,76.68,64.71,70.17
618541,4L Ring road/bypass around Srinagar city from km 0.000 to km 42.100 Phase-I (NHAI) Jammu and,22.5937,78.9629,2604.76,96.71,70.34,89.0
618542,4L of existing Wayul Ganderbal Pandach Soura section of old NH-1 as a part of Srinagar Ring Road Phase IIA Jammu and,22.5937,78.9629,827.98,12.45,32.01,0.02
618543,4L of twin tube tunnel configuration including approaches from Marog to Digdol from Km.154.210 to Km.158.650 North Bound and from Km.155.940 to Km.160.260 South Bound of Ramban to Banihal Pkg-I of Old NH-1A New NH-44 Jammu and,22.5937,78.9629,1034.3,74.95,39.26,30.5
618544,"4L twin tube tunnel including approaches from Digdol to Khuni Nallah North Bound connecting with existing major bridge on NB and South Bound connecting with Tunnel T4 ,Single tube tunnel of Ramban to Banihal Pkg-II of Old NH-1A New NH-44 Jammu and",22.5937,78.9629,1020.99,98.09,103.31,87.1
618545,"4L of Km.165.092 to Km.171.855 North Bound and from Km.166.895 to Km.173.638 South Bound, excl. certain reaches of North Bound and South Bound of Ramban to Banihal Pkg-III of Old NH-1A New NH-44 Jammu and",22.5937,78.9629,444.76,84.33,68.81,42.8
618547,2L NH-1 from km 8.660 to km 33.775 Sumbal to Wayul to 4L dual carriageway NH standard as part of Srinagar Ring Road PhaseII [Design Ch. 41.907 to Ch. 66.609] Jammu and,22.5937,78.9629,643.64,76.13,73.73,55.02
618549,Construction of twin tube tunnels on Jammu Kashmir Ring Road NH-244A Between Design Ch. 50600 to 51700 and design Ch. 53535 to 55700 on EPC mode under residual NHDP component of Bharatmala Pariyojna Jammu and,22.5937,78.9629,731.59,90.38,92.6,83.87
618550,Corridor Efficiency Improvement including removal of black spots in Lakhanpur - Samba section of NH-44 from Chainage Km. 16.300 to Km. 74.100 Jammu and,22.5937,78.9629,215.68,91.58,94.38,74.63
618967,Upgradation and Strengthening of Chenani to Nashri Section via Patnitop of NH244 from Km 0.000 to Km 39.100 Jammu and,22.5937,78.9629,295.06,77.39,59.73,64.88
619038,Construction/upgradation to 2-lane with paved shoulder from Design Km 95.55 Bandarkoot to Km. 111.06 Chattroo of 15.52 Km length on Khellani-Kishtwar-Chattroo section on NH-244 in UT of Jammu and Kashmir on EPC Mode Pkg-5 Jammu and,22.5937,78.9629,497.09,100.0,54.48,99.97
618060,Widening and Strengthening of existing paveemnt to two lane with paved shoulders from km 116.00 to km 176.355 of NH-75E in the State of Jharkhand on EPC mode.,23.3441,85.3096,315.21,95.47,51.45,89.0
618083,Construction of byepass around Lohardaga town of NH-143A in the Sate of Jharkhand under EPC mode.,23.3441,85.3096,458.78,96.71,0.51,5.0
618084,Widening to 2-lane with paved shoulder from km 0.00 to 44.00 Kuru-Ghaghra section of NH-143A including re-construction of culverts and bridges.,23.3441,85.3096,133.67,96.71,75.39,95.0
618127,Construction of 2- Lane with paved shoulder from km 56.45 Dharampur More to 93.050 Pakur of NH-333A in the State of Jharkhand on EPC mode,23.3441,85.3096,255.73,49.82,3.93,15.0
618242,Widening and Reconstruction to 4-lane/4-lane with service road including structures from Pokharia More at Km 47.600 Ex. Km 50.230 to Govindpur at km 62.949 Ex. Km 65.325 of Nh-419 in the State of Jharkhand on EPC mode.,23.3441,85.3096,300.46,85.95,31.35,54.54
618534,Construction of Six lane elevated flyover including reconstruction/rehabilitation of existing pavement from Km 426230 to Km 430500 Length 4.27 Km at Nirsa in the Barwa Adda Panagarh section of NH-19 from Km.398.240 to Km.521.120 including,23.3441,85.3096,470.75,19.74,0.2,0.0
618535,Construction of Six lane elevated flyover including reconstruction/rehabilitation of existing pavement from Km 406100 to Km 411150 Length 5.05 Km at Gobindpur area in the Barwa Adda Panagarh section of NH-19 from Km.398.240 to Km.521.120,23.3441,85.3096,442.52,36.51,15.33,19.91
618641,4 Lane of CG/JH Border-Gumla from km 0.000 to km 32.370 of NH-43 in the State of Jhrkhand,23.3441,85.3096,1325.8,24.66,22.13,9.76
618642,4L of Palma to Gumla from km. 26.00 to km. 89.170 of NH-23,23.3441,85.3096,1895.75,98.02,72.35,99.9
618644,4L of Ormanjhi-Gola section from Km 81.450 to Km 53.600 of NH- 320BPKG-II,23.3441,85.3096,1462.19,90.38,67.95,86.57
618645,4L of Gola-BokaroJaina More section from Km 53.600 to Km 21.110 of NH-320PKG-1,23.3441,85.3096,1030.64,94.91,59.95,78.1
618729,6 Lane Greenfield Varanasi- Ranchi- Kolkata Highway from Donoreshan village to junction with NH-20 in Bongabar village from km 288.600 to km 325.500 Pkg -11,23.3441,85.3096,1856.12,4.1,14.1,0.0
618730,6 Lane Greenfield Varanasi- Ranchi- Kolkata Highway from Deoria village to Donoreshan village from km 253.000 to km 288.600 Pkg -10,23.3441,85.3096,1546.27,12.45,11.86,5.65
618731,6 Lane Greenfield Varanasi- Ranchi- Kolkata Highway from Chatra to junction with NH- 100 in Deoria village from km 222.000 to km 253.000 Pkg -9,23.3441,85.3096,1418.16,4.1,10.13,0.0
618733,6L Greenfield Varanasi- Ranchi- Kolkata Highway from junction with NH-20 in Bongabar village to junction with NH-30 in Lepo village from km 325.500 to km 358.500 Pkg -12,23.3441,85.3096,1525.52,4.1,14.31,0.1
618736,4L Elevated corridor of Kalimandir-Dimna Chowk-Baliguma Jamshedpur Section of NH-33 New NH-18 from km 241940 to km 251961 Length 10.021 km,23.3441,85.3096,832.2,76.62,39.5,49.5
618737,Grade separated Interchanges at Km. 113.730 junction with Ranchi Hazaribagh Road & Km. 139.225 junction with Ranchi Jamshedpur road on 4L Ranchi Bypass of NH-33,23.3441,85.3096,5.58,33.15,89.25,0.0
618830,4L from Km 147.450 Bhogu to Km 196.870 Sankha on NH-75 Sec-III,23.3441,85.3096,1652.09,82.48,68.49,76.95
618831,4L from Km 95.400 Udaipura to Km 147.450 Bhogu on NH-75 Sec-II,23.3441,85.3096,1301.54,75.82,32.24,29.2
618832,4L from Km 55.00 Kuru to Km 95.400 Udaipura on NH-75 Sec-I,23.3441,85.3096,1274.82,28.9,19.9,11.1
618863,Barhi-Koderma Section of NH31 km 0.00 - km 27.5,23.3441,85.3096,826.59,99.96,99.83,98.5
618947,4L of NH-80 from km 215.00 to km 260.00 Mirza Chauki to Farkka Pkg-I,23.3441,85.3096,1508.21,96.49,68.87,91.83
618949,4L of Basukinath- Deoghar Section of NH-114A,23.3441,85.3096,1553.76,99.9,50.3,90.53
618950,Construction of Bypass to NH-114A Connecting NH-333 and NH-133 Deoghar Bypass from design km 0.000 to design Km 49.000,23.3441,85.3096,1565.47,28.9,6.77,12.0
619005,Construction of bypass around Chatra Town on NH-22 old NH-99 in the state of Jharkhand under EPC Mode,23.3441,85.3096,199.2,28.9,0.43,13.0
617935,"Construction of Elevated corridor from Km. 135.650 to 136.300 on 63, from Km. 249 to Km. 250.050 on old NH-4 and from Km. 192.910 to Km. 193.350 on NH-218 from decongestion of traffic in Ranichennamma circle in Hubli city in the state of Karnataka",12.9716,77.5946,349.49,95.3,66.41,65.0
617950,Construction of Srinivasapura Bypass from existing Km 453.890 Design Ch. 0000 to existing Km 461.450 Design Ch 10080 on NH-69 in the State of Karnataka Under NH O in EPC mode under Annual Plan 2022-23 NH-69-KNT-2022-23-966,12.9716,77.5946,204.42,71.95,4.77,22.0
617951,Construction of Chintamani Bypass from Design Ch.0000 Existing Ch.428880 to Design Ch.15400 Existing Ch.444010 on NH-69 in the State of Karnataka in EPC Mode under NHO Annual Plan 2022-23. NH-69-KNT-2022-23-989 dated 24.03.2023,12.9716,77.5946,314.55,38.64,2.23,14.0
617955,Widening to two lane with paved Shoulders from Km 40.00 to Km 75.00 Existing chainages of Mangalore - Tumkur section of NH-73 in the State of Karnataka on EPC Mode under Annual Plan 2021-22 Job No NH-73-KNT-2021-22-945,12.9716,77.5946,718.52,91.03,43.54,85.0
617989,Construction of Major Bridge at Km.180.865 across river Krishna on NH 167 Hagari Jadcherla section,12.9716,77.5946,187.61,91.56,55.08,69.0
617997,Widening of existing 2 lane to 4 lane with paved shoulder from Designed km 25.15 to km 56.70 Except Km 52.70 to 53.50 of NH-169 Nellisara Camp to Thirthahalli of NH- 169 on Shimoga-Mangalore section in the state of Karnataka on EPC mode under,12.9716,77.5946,538.71,24.66,3.83,6.0
617998,Widening to existing 2 lane with paved Shoulder to 4 Lane with paved shoulder from design Km 153.00 to 168.27 Mala Gate to Karkala of NH -169 on Shimoga - Mangalore section in the state of Karnataka on EPC mode under Annula Plan 2021-22,12.9716,77.5946,177.94,93.21,64.97,83.0
617999,Widening to 2LPS from Km 67 to Km 115 on Kadur-Hosadurga section NH 173 in the state of Karnataka NH-173-KNT-2022-23-980 dated 13.03.2023,12.9716,77.5946,471.62,73.25,19.45,69.54
618000,Widening to 2-Lane with Paved Shoulders from Km 116.800 to 149.070Design Changes on Hosadurga - Holalkere Section of NH-173 in the State of Karnataka on EPC mode under Annual Plan 2021-22 Job no. NH-173-KNT-2021-22-946,12.9716,77.5946,147.39,100.0,75.53,100.0
618027,Widening to 2LPS from Km 71.00 to 104.00 Existing chainages Sarjapur to Pattadkallu on Bhanapur to Gaddanakeri section NH-367 in the State of Karnataka under NHO on EPC mode under Annual Plan 2022-23 NH-367-KNT-2022-23-972,12.9716,77.5946,445.62,87.76,44.47,90.0
618028,"Construction of Bypass at Kuknoor, Yelburga, Gajendragada of Bhanapur Gaddanakeri section of NH-367 in the State of Karnataka under NHO on EPC mode under Annual Plan 2022-23. NH-367-KNT-2022-23-973 dated 08.02.2023",12.9716,77.5946,333.96,58.22,19.05,36.0
618029,Widening to 4 lane from Km. 133.00 to 158.04 design Chainage Km. 130.88 to 155.145 Shirur Cross to Gaddankeri of NH-367 in the State of Karnataka on EPC mode. Job No. NH-367-KNT-2021-22-930,12.9716,77.5946,312.06,85.99,65.09,83.33
618031,Balance work of Construction of Two/Four lane with paved shoulder from Km 422.000 to 523.600 Chitradurga to Shivamogga of NH-13 in the state of Kanataka on EPC mode.,12.9716,77.5946,516.96,99.94,23.55,98.0
618086,"Widening to Two Lane with Paved Shoulders from KB Cross to Chunchanahalli ie., Design Ch. 485240 Km Existing Km 494.000 to Design Ch. 523393 Km Existing km 533.152 & From Design Ch. 530393 Existing Km 540.175 to Design Ch. 534476 Existing Km 544.200 at Nelligere of NH-150A on EPC mode under Annual",12.9716,77.5946,617.28,71.95,1.3,48.5
618087,Widening to intermediate/two lane to 2 lane with paved shoulder from Existing chanages Km 112.750 to 142.00 Liingasur to Mudabal cross & from Km. 147.070 to Km. 149.070 Maski city limit of Jewargi Chamrajnagar setion of NH-150A in the state,12.9716,77.5946,255.88,99.92,72.41,96.0
618095,Widening to Two Lane with Paved Shoulders from Km 0.00 Design Chainage 0.00 to Km 23.338 Design Chainage 23310 of NH-166E MH/KNT Border- Kanamadi- Bijjargi- Tikota section in the state of Karnataka in EPC Mode under Annual plan 2022-23 NH-,12.9716,77.5946,196.05,76.62,37.2,75.0
618109,Widening to 4 lane from Km 51.60 to 76.20 Hebri to Parkala and from Km 85.20 to 88.90 Karavali junction to Malpe of Thirthahalli-Udupi-Malpe Section of NH-169A in the State of Karnataka on EPC Mode under Annual plan 2021-22 Job No. NH-169A-,12.9716,77.5946,355.72,93.5,61.13,88.33
618147,Widening to 2 Lane with Paved Shoulders from design Km 103.200 Existing Km 103.200 to design Km 116.700 Existing Km 118.470 on AP/KNT Border to Sira Section of NH-544E in the State of Karnatakaon EPC mode under Annual plan 2022-,12.9716,77.5946,166.58,99.89,28.03,65.0
618148,Widening to 4LPS of NH-548B from Km 80.000 Near Murgundi to Km 140.200 Near Chikkodi excluding length from Km 118.450 to Km 128.450 in the State of Karnataka under NH O on EPC Mode under Annual Plan 2022-23 - Package 1 NH-548B-KNT-,12.9716,77.5946,785.79,16.55,0.78,0.0
618149,Widening to two lane with paved shoulders from Km 0.00 to 102.310 Design Chainage of NH-548B Murrum-Maharashtra Border in the State of Karnataka,12.9716,77.5946,957.09,78.9,30.12,60.21
618151,Widening to 4LPS of NH-548B from Km 118.450 Near Shirguppi to Km 128.450 Near Ankali in the State of Karnataka under NH O on EPC Mode Under Annual Plan 2022- 23 NH-548B-KNT-2022-23-982,12.9716,77.5946,1084.29,8.3,0.16,0.0
618184,Construction of 2 Lane with paved shoulder from km 55.6 to km 90.7 existing chainages of NH-766C complete Realignment of 13.76 km with 2 major Bridges across Sharavathi Backwaters on EPC mode under Annual Plan 2022-23 in the state,12.9716,77.5946,313.56,65.12,51.05,65.0
618185,Widening to 2LPS from Km 0.000 to 37.850 Except Ex. Km 24.45 to 27.20 of NH-766c Byndoor-Ranebennur Section in the state of Karnataka on EPC Mode under Annual Plan 2022-23 NH-766C-KNT-2022-23-969 dated 30.12.2022,12.9716,77.5946,394.95,49.86,3.97,12.0
618189,Widening to two lane with paved shoulder of NH-73New spur road Ujire - Dharmasthala - Periyashanthi in the State of Karnataka under NHO on HAM Mode Job No. NH-73Spur-KNT-2023-24-996,12.9716,77.5946,613.65,37.26,10.76,25.18
618517,4/6L of Bangalore - Pune Section of bypass connecting Dharwad - Hubli from km. 403.80 to km. 433.20,12.9716,77.5946,763.36,82.0,97.52,83.19
618518,Davanagere - Haveri of NH-48 Old NH-4 from km. 260.00 to km. 338.923,12.9716,77.5946,1805.84,96.22,70.52,98.87
618520,4L of km 0.00 to km 42.00 of Dobbaspet to Doddaballapura Bypass section of NH-648 old NH-207] [Bangalore Ring Road Pkg 1],12.9716,77.5946,1786.57,98.38,72.48,99.2
618630,6L of MH/KN Border Nimbal Village to KN/TS Border Singnodi Village from Km. 26.000 to Km. 97.000 in Gulbarga of NH-150C Pkg-II,12.9716,77.5946,1923.3,91.58,52.62,81.35
618649,4 Lane with PS from Des. Ch 228.500 to Des. Ch. 273.400 of Belgaum-Hungund- Raichur Section of NH 748 A Package-6,12.9716,77.5946,1012.78,67.62,39.43,53.8
618650,4 Lane with PS from Des. Ch 89.900 to Des. Ch. 136.100 of Belgaum-Hungund- Raichur Section of NH-748A Package-3,12.9716,77.5946,1219.62,46.91,25.1,24.5
618651,4 Lane with PS from Des. Ch 43.800 to Des. Ch. 89.900 of Belgaum-Hungund- Raichur Section of NH-748A Package-2,12.9716,77.5946,1293.94,60.68,45.95,58.7
618697,4LPS Access Controlled Highway of Bellary Bypass Balance work from Ch. 254750 to Ch. 266837 and construction of 4LPS from Ch. 277.690 to Ch. 278.690 at D. Hirehal Village Balance work of NH 150A of Bellary Byrapura Section,12.9716,77.5946,284.05,63.06,39.87,38.97
618702,4L of Addahole Near Gundya to Bantwal Cross section Pkg-02 from Design Km 270.270 to Design km 318.55 including flyover at Kalladka Town including approaches from Km. 311.57 to Km. 313.67 of NH-75 Old NH-48,12.9716,77.5946,1318.24,87.66,110.15,94.21
618706,Bangalore-Nidagatta Pkg. I,12.9716,77.5946,4087.42,98.81,105.57,99.19
618707,Additional works under BM1 to ensure road safety under 6L of Bengaluru Mysuru Access control with close toll from Km.17.300 to Km.136.300 of NH-275,12.9716,77.5946,738.37,24.79,4.45,12.67
618709,4L of Left-Over Works of Hospet-Bellary -Karnataka/AP border from Km.280.080 Dec.Ch. to Km.375450Des.Ch. of NH-63 New-67,12.9716,77.5946,992.6,66.05,93.59,92.51
618799,Belakeri Port to Kumta - Sirsi road from km 0.00 - km 4.265 of Belekeri Port Road Link Rd. and km 4.965 - km 60.00 of SH-69,12.9716,77.5946,456.79,95.7,103.14,95.23
618870,4L PS from near Hemmige Village Periyapatna - Hassan Road Jn. to near Hunsur - KR Nagar Jn section from Km. 144.900 to Km. 169.000 of NH-275 Pkg. III,12.9716,77.5946,1726.65,48.36,25.89,27.8
618871,4L PS from Near Guddehosur to Start of Kushalnagara Bypass to near Hemmige Village Periyapatna - Hassan Road Jn from Km. 122.200 to Km. 144.900 of NH-275 Pkg. II,12.9716,77.5946,896.42,27.44,36.35,14.53
618872,4L PS from near Hunsur - KR Nagar Junction to near Yalachahalli village KR Nagara - Yelawala Road Junction fcrom Km 169.000 to Km 195.550 of NH-275 Pkg-IV,12.9716,77.5946,952.03,45.63,28.63,19.58
618873,4L PS from near Yalachahalli village KR Nagara - Yelawala Road junction to Srirangapatna Bypass Near Paschima Vahini from km 195.550 to Km 214.535 of NH- 275 Pkg-V,12.9716,77.5946,1203.2,44.34,38.45,17.36
618887,4L of Bettadahalli- Shivamogga section from Km.170.415 to km. 226.750 of NH-206 Tumkur- Shivamogga Pkg-IV,12.9716,77.5946,2545.11,89.23,64.64,84.25
618896,4L of Sannur to Bikarnakatte section from Km 691.350 to Km 736.362 of NH-169 Karkala - Mangalore Package-III,12.9716,77.5946,2038.71,85.15,61.4,76.1
619065,4L Expressway from Km 26.400 to km 53.500 of Malur to Bangarpet section of Bangalore-Chennai Expressway Phase-I Package-II,12.9716,77.5946,1729.63,98.25,63.8,99.8
619071,Tumkur - Nelamangala 6L,12.9716,77.5946,1664.2,87.27,65.27,61.36
619072,Bangalore/TN border to Hoskote,12.9716,77.5946,1297.76,93.21,88.86,94.89
619073,4L of 42.000 to km 80.00 of Dodaballapur Bypass to Hoskote section of NH-648 Old NH-207 [Bangalore Ring Road Pkg 2],12.9716,77.5946,1846.52,98.43,74.04,99.2
619096,Goa / Karnataka Km.93.700 to Kundapur Km.283.30,12.9716,77.5946,1990.99,98.65,92.89,97.94
619106,4 Lane with PS from Des. Ch 182.300 to Des. Ch. 228.500 of Belgaum-Hungund- Raichur Section of NH 748 A Package-5,12.9716,77.5946,868.65,63.51,29.4,40.63
619107,4 Lane with PS from Des. Ch 136.100 to Des. Ch. 182.300 of Belgaum-Hungund- Raichur Section of NH-748A Package-4,12.9716,77.5946,1123.35,35.31,20.27,15.0
619108,4 Lane with PS from Des. Ch 0.000 to Des. Ch. 43.800 of Belgaum-Hungund-Raichur Section of NH-748A Package-1,12.9716,77.5946,1256.55,49.88,39.02,40.21
619117,Hassan km 184.912 to Maranahally km 230.060 of NH - 75 in Karnataka,12.9716,77.5946,1091.4,99.97,97.94,97.8
619120,Nidagatta-Mysore Pkg II,12.9716,77.5946,4113.89,98.7,90.32,99.19
619138,Yekkambi-Haveri,12.9716,77.5946,309.9,74.57,30.59,24.7
619150,BRT Tiger Reserve Boundary Km.287.500 to Bangalore Section Km.458.420 of NH- 209 in Karnataka,12.9716,77.5946,2859.93,99.04,78.42,99.7
619164,Belgaum-Khanapur Pkg I Km 0.000-Km 30.800 of NH-4A,12.9716,77.5946,1195.74,92.71,76.76,75.72
619211,6L of MH/KN Border Nimbal Village to KN/TS Border Singnodi Village from Km. 97.000 to Km. 162.500 in Yadgir of NH-150C Pkg-III,12.9716,77.5946,2065.83,92.9,47.65,73.9
619214,4L of Channarayapatna Bypass and Hassan Bypass with structures in Devihalli - Hassan section,12.9716,77.5946,684.54,97.05,87.71,82.34
619218,4L Tumkur-Shimoga Pkg-I from Mallasandra to Karadi village of NH-206 from Km. 12.300 to Km. 65.195,12.9716,77.5946,1692.12,99.96,78.99,100.0
619219,4L of Tumkur-Shimoga Pkg-II from Km 65.195 Karadi to Km 121.900 Banawara of NH-206,12.9716,77.5946,1989.89,95.3,65.27,99.98
619220,Tumkur-Shimoga Pkg-III from Km 121.900 Banawara to Km 170.415 Bettadahalli of Old NH-206,12.9716,77.5946,1834.81,94.15,47.58,98.0
618070,Widening to 2 Lanes with paved shoulders from Km.87/000 to 133/720 Nattukal to Thanau Jn. in Palakkad of NH-966 Old NH-213 on EPC mode Basis under NHO Annual Plan 2016-17 in the state of Kerala,8.5241,76.9366,315.63,100.0,0.0,98.0
618595,6L of Chengala - Neeleshwaram from km. 56.200 to km. 93.468,8.5241,76.9366,2538.06,89.23,57.03,90.82
618596,6L of Taliparamba to Muzhappilangad from Km 134.650 to Km 170.6 of NH-66,8.5241,76.9366,3557.65,76.95,56.79,83.7
618597,6L of Azhiyur-Vengalam from km. 189.200 to km. 230.400 of NH-66,8.5241,76.9366,3898.46,75.29,61.74,60.07
618598,6L Minor Bridge Paloli Palam at km. 203.160 & Major Bridge Morad at km. 204.895 and allied works,8.5241,76.9366,216.94,98.48,87.79,100.0
618599,6L of Ramanatukkara Junction to start of Valanchery bypass section of NH-66,8.5241,76.9366,4919.46,99.94,76.54,100.0
618600,6L of Valanchery bypass to Kappirikkad of NH 66 from km. 298500 to km 335850,8.5241,76.9366,4023.94,99.94,64.44,100.0
618601,6L of Kappirikkad to Thalikulam section from km 335.85 to km 369.015 of NH - 66 old NH-17,8.5241,76.9366,4225.59,82.41,79.17,95.27
618602,6L of Thalikulam to Kodugallur section from km 369.015 to km 397.850 of NH - 66 old NH-17,8.5241,76.9366,4302.06,82.41,77.0,95.05
618603,6L of Kodugallur to Edapppally section from km 397.750 to km 423.780 of NH - 66 old NH-17,8.5241,76.9366,3606.2,83.62,60.41,71.11
618604,Aroor-Thuravoor Thekku,8.5241,76.9366,2382.83,91.21,75.65,91.63
618605,Thuravoor Thekku-Paravoor,8.5241,76.9366,2638.67,85.48,95.31,81.49
618606,Paravoor-Kottankulangara,8.5241,76.9366,3200.24,87.27,89.32,71.2
618607,Kottankulangara- Start of Kollam Bypass,8.5241,76.9366,3680.49,88.13,64.48,73.89
618708,Widening/Development of Existing NH-85 from Km 0.000 to Km 124.636 section to 2L/LPS section in the state of Kerala on EPC Mode under Bharatmala Pariyojana,8.5241,76.9366,1265.47,84.44,61.84,81.98
619098,Kozhikode Bypass Calicut Bypass Vengalam Jn. to Ramanattukara Jn.,8.5241,76.9366,2139.18,99.95,49.86,98.75
619206,6L of Perole Nileshwar town to Taliparamba from Km 94.248 to Km 134.650 of NH-66,8.5241,76.9366,3867.66,89.23,65.32,86.65
619207,Start of Kollam Bypass - Kadambattukonam,8.5241,76.9366,3309.06,82.1,60.16,81.8
619208,Kadambattukonam-Kazhakuttom,8.5241,76.9366,3526.33,84.48,60.24,44.34
618408,Kargil Zanskar Road,34.1526,77.5771,398.37,99.95,84.64,97.1
618409,Widening & Up-gradation to 2 lane with Paved shoulder of NH-301 Kargil- Zanskar Road from Design km 57.000 Ex. Km. 57.905 to Km 87.000 Ex. Km. 88.2491 of 30.000 Km length Pkg-lll,34.1526,77.5771,381.01,99.95,82.24,91.01
618410,Widening & Up-gradation to 2 lane with paved shoulder of NH-301 Kargil- Zanskar Road from Design Km .30.040 Ex. Km. 30.000 to Design Km 57.000 Ex. Km. 57.905 of 26.960 Km length Pkg-II,34.1526,77.5771,404.89,96.77,88.93,84.94
617909,Construction of Rewa Bypass to 4-lane with paved shoulder along with service road from Ratahara Chowk to Chorhata Chowk Road section of NH-30 from km 00.000 to 19.200 in the State of Madhya Pradesh on Hybrid Annuity Mode HAM.,23.2599,77.4126,648.05,74.66,0.0,50.0
617911,Rehabilitation and upgradation Umaria to Shahdol section of NH-78 from Existing Km. 68/4 to Km. 142/2 to 2LPS including construction of Birshinghpur and Shahdol Bypass on EPC mode under NHDP-IVA,23.2599,77.4126,613.16,99.98,0.0,94.5
617914,Upgradation and reconstruction of Shahpura-Dindori Section of NH 45 from Km 103.700 Design to Km 164.580 Design including 3 bypasses Total length 60.88km to Two lane with paved shoulder configuration along with One time improvement in 03 nos of bypassed built-up areas in a total length of 12.341 km in the State of Madhya,23.2599,77.4126,250.09,75.54,20.3,41.25
618019,Upgradation & widening of Jharkheda- Berasia - Dholkhedi from design km 0000 to km 87900 Design length 87.90km of NH-346 including 3 nos. bypasses of 13.10 Km in the State of Madhya Pradesh under EPC mode.,23.2599,77.4126,365.21,97.37,54.95,91.0
618020,"Rehabilitation & Upgradation of KurwaiMungaoliChanderi Road section of NH-346, from Design Chainge 0.000 to 81.300 Km Total length 83.1 km to Two lane with paved shoulder configuration along with One time improvement in 07 nos of bypassed built-",23.2599,77.4126,386.49,91.21,42.65,67.57
618021,Up-gradation of Pichhore- Dinara section of NH-346 from Km 292.750 to 334.550 to two lane with paved shoulders in the state of Madhya Pradesh on EPC mode,23.2599,77.4126,425.97,44.24,0.0,36.85
618035,Rehabilitation & Upgradation of existing intermediate lane to two Lane with paved shoulder from km. 0.600 Gulganj bypass on NH-34 to km. 43.00 Barna River length 42.400 km. on Gulganj-Amanganj-Pawai-Katni NH43 Extn. in the state of Madhya,23.2599,77.4126,275.4,83.82,0.0,60.14
618036,Upgradation and reconstruction of existing intermediate lane to two Lane with paved shoulder configuration from km. 43.00 Barna River to km. 77.00 ken river length 34.00 km. on Gulganj-Amanganj-Pawai-Katni NH43 Extn. along with One time improvement in 01 no. of bypassed built-up area in a total length of 1.585 km in the state of Madhya,23.2599,77.4126,315.55,74.94,0.0,43.0
618043,Upgradation and reconstruction of Dindori - Mandla Section of NH 543 from Km 77100 Design to Km 170580 Design Total length 93.48km to Two lane with paved shoulder configuration along with One time improvement in 04 nos of bypassed built-up areas in,23.2599,77.4126,523.71,96.71,0.0,88.0
618044,Upgradation of Shahdol- Sagartola Section of NH 543 from km 0000 to km 69400 to 2 lane with paved shoulders under Hybrid Annuity Mode HAM in the State of Madhya Pradesh,23.2599,77.4126,851.4,20.79,0.0,0.0
618068,"Construction of Kaithi-Padaria Kala bypass, Patna-Tamoli bypass, Jaso bypass and Nagod bypass total length 15.44 Km to 2-lane with paved shoulders flexible pavement on NH-943 in the State of Madhya Pradesh on EPC Mode.",23.2599,77.4126,158.36,89.37,22.96,62.8
618085,Upgradation of Nasrullagani-Rehti-Budhni Scction to 2-lane with paved shoulder from Km 0150 to Km 50500 of NH-146B in the state of Madhya Pradesh on EPC mode.,23.2599,77.4126,293.74,95.15,0.0,92.33
618129,"Construction of Kasrawad bypass, Selani bypass, Khargone bypass & Bistan bypass Total length. 31.950 km Section of NH-347 C to Two lane with paved shoulder configuration in the State of Madhya Pradesh on EPC mode.",23.2599,77.4126,467.93,83.15,35.83,99.15
618156,"Construction of Morena bypass, Ambah bypass & Porsa bypass Totat length 27.16 km Section of NH-552 Ext. to TWo lane with paved shoulder configuration in the state of Madhya Pradesh on EPC mode",23.2599,77.4126,492.66,91.51,0.0,73.5
618157,Construction of Ater realignment & Bhind bypass Total length. 21.50 km Section of NH-552Extn. to Two lane with paved shoulder configuration in the State of Madhya Pradesh on EPC mode.,23.2599,77.4126,348.06,83.15,22.94,79.0
618158,"Upgradation of Goras to Shyampur Road section of NH-552 Ext., from Design Chainge 48.400 to 111.800 Km Total length 63.40 km to two lane with paved shoulder configuration along with One time improvement of 8.91 km in the state of Madhya",23.2599,77.4126,416.96,83.15,0.0,16.52
618170,Construction of Two lane with paved shoulder configuration of Shujalpur Bypass section of NH-752C from km 33100 Design to km. 42570 Design total design length 10.470 km in the State of Madhya Pradesh on EPC mode.,23.2599,77.4126,214.07,87.76,17.78,46.33
618171,"Work of Upgradation of Jirapur-Pachore Road including Pachore, Jirapur, Chhapiheda & Khujner Bypasses from 0000 to 58790 Design Length 58.79 Km section of NH-752C to 2LPS in the State of Madhya Pradesh under EPC mode",23.2599,77.4126,352.69,88.45,28.06,57.26
618619,Bypass on Western side of Gwalior City,23.2599,77.4126,998.95,28.9,19.55,0.0
618620,"Additional works 2VUPs, MR-10 junction flyover and underpass in Six lane Indore- Dewas section of NH-52 in the state of Madhya Pradesh on EPC Mode",23.2599,77.4126,211.27,85.99,71.28,79.72
618621,Indore - Edlabad Pkg-II [Tejajinagar to Balwara],23.2599,77.4126,1530.82,95.47,53.86,87.3
618622,4L of Indore - Boregaon Pkg-III [Balwara to Dhangaon] from km. 42.260 to km. 82.660 of NH347BG & 753L,23.2599,77.4126,888.81,96.23,93.96,92.5
618623,4L Boregaon Buzurg to Shahpur Pkg I of Boregaon Buzurg to Muktainagar of NH 753L,23.2599,77.4126,1132.34,93.63,49.18,90.1
618654,4L Greenfield Rudhi to Deshgaon Pkg V of Betul-Khandwa/Deshgaon,23.2599,77.4126,469.68,73.86,42.47,63.79
618655,2L PS of Roshni to Ashapur Section of NH-347B from Design KM Ch. 89.900 to 114.000 KM Package III of Betul Khandwa,23.2599,77.4126,120.75,99.86,104.94,98.85
618661,4L from km 0.000 to 42.040 Bhopal Ratnaigiri Tiraha to Vidisha Morikodi,23.2599,77.4126,1038.18,37.26,17.33,20.23
618662,4L Vidisha Gyaraspur section of NH-146 from Design Chainage km 59475 existing chainage km 81240 to Design Chainage km 88361 existing chainage km 110.315,23.2599,77.4126,980.2,20.79,11.54,12.25
618663,i 4L Vidisha to Hinotiya from km 0.000 to Km 27.000 Vidisha Mehulwa-Talbehat Pkg- I Section of NH- 346 and ii 4L Vidisha to Morikori from Km 39.000 to 59.476 section of NH-146,23.2599,77.4126,941.12,88.78,46.12,90.04
618664,Berkhedi to Godpehra on NH-44 Sagar link road,23.2599,77.4126,471.31,91.75,81.9,93.05
618666,4- Laning of Mohari to Satai Ghat section NH-934 from Km 50300 to Km 89875 Total length 39.575 km Package-2 in the State of Madhya Pradesh on EPC Mode,23.2599,77.4126,539.08,99.86,96.27,99.5
618667,4L of near Satai Ghat to Chowka section of NH-34 from D. Ch. 89.875 to D. Ch. 145.000 Package-3,23.2599,77.4126,882.21,41.51,21.92,38.26
618671,4-lanning of Rahatgarh to Berkhedi section of NH-146 from Design Ch 124470 to Ch. 134.549,23.2599,77.4126,342.69,33.15,15.52,14.6
618672,4-lanning of Gyaraspur to Rahatgarh section of NH-146 from Design Ch. 88361 to Ch 124470 in the state of MP on HAM mode,23.2599,77.4126,592.44,37.26,28.66,35.25
618684,Outer Ring Road of Jabalpur Town from Manegaon to NH-45 Pkg-2,23.2599,77.4126,786.47,80.55,66.17,78.75
618685,Outer Ring Road of Jabalpur Town from NH45 to Kushner Pkg-3,23.2599,77.4126,773.23,87.76,71.47,79.8
618686,Outer Ring Road of Jabalpur Town from Kushner to Amjhar Road including Airport Connectivity Pkg-IV,23.2599,77.4126,509.82,90.46,71.38,79.63
618687,Outer Ring Road of Jabalpur Town from Barela to Manegaon Pkg-1,23.2599,77.4126,651.88,99.92,76.85,89.72
618688,Outer Ring Road of Jabalpur Town from Amjhar Road including Airport Connectivity to barela Pkg-V,23.2599,77.4126,539.9,41.51,19.51,32.38
618694,Indore - Harda Pkg-I [Indore to Raghav Garh from km. 0.25 to km. 26.903],23.2599,77.4126,813.03,99.93,84.63,96.09
618735,4L of Chandesara to Khedakhajuriya from Km. 0.000 to - 750 & Km 0.000 to km 41.400 of NH-148NG Pkg-I,23.2599,77.4126,976.55,97.81,60.19,99.0
618751,2L PS of Hinotiya-Mehulwa section of NH-346 from Km. 27.000 to Km 75.700 Vidisha Mehulwa-Talbehat Pkg-II Section of NH- 346,23.2599,77.4126,592.71,83.32,46.18,69.04
618762,Itarsi Km. 63.000 to Betul Km. 137.000 of NH-69 in Madhya Pradesh,23.2599,77.4126,788.33,99.97,84.19,100.0
618784,Balance works of 4 lane divided carriageway of Missing Link section of NH-39 Rewa Bypass from junction with NH 30 near Bela to Junction with MPRDC ring road near Silpara on SH 9 design length 13.100 km on EPC Mode under Bharatmala Pariyojana,23.2599,77.4126,355.36,84.68,71.23,84.44
618932,Construction of 6 lane Indore western bypass from km 0000 to Km 34000 Pkg -l in the State of Madhya Pradesh on Hybrid Annuity Mode under NHO,23.2599,77.4126,1472.68,30.19,44.67,27.6
618933,Construction of 6 lane Indore western bypass from km 34000 to Km 64000 Pkg-II in the state of Madhya Pradesh on Hybrid Annuity Mode under NHO,23.2599,77.4126,1430.56,24.66,46.34,17.5
618962,4L of Budhni to Shahganj Bypass End Package-III of NH-146B from Km. 73.750 to Km. 102.000,23.2599,77.4126,770.21,49.86,25.54,28.28
618963,Construction work of 4-laning of Shahganj bypass end to Badi Package-IV of NH-146B from design km 102.000 to design km 142.357 Design length 40.357 km,23.2599,77.4126,836.64,70.82,38.03,52.15
618964,4 Laning of Sandalpur to Nasrullaganj Pkg-1 section of NH-146B Length 43.2 Km.,23.2599,77.4126,1425.98,28.9,13.87,11.57
618966,Six laning with both sides Service Road of Ayodhya Bypass from Design Km 0000 near Ashram Tiraha on NH-46 to Km 16439 end at Ratnagiri Tiraha on Nh-146,23.2599,77.4126,1103.22,49.86,15.74,21.61
619007,Upgradation of Sarvardewla to Pal MP/MH Border Road section of NH-347 C from Design Chainge km 81.600 to 137.400 Total length 55.80 km to two lane with paved shoulder configuration along with One time improvement of 1 .95 km in the State of,23.2599,77.4126,461.23,28.9,0.6,0.0
619100,Dhangaon - Borgaon section km 81.000 to km 139.000 [Indore - Edlabad Pkg IV],23.2599,77.4126,1185.04,99.95,63.0,99.8
619114,Indore - Harda Pkg-II [Raghavgarh to Nanasa from km. 29.30 to km. 92.30],23.2599,77.4126,1146.63,65.82,32.22,40.25
617912,Construction of 6 lane flyover from Khapari ROB to Mihan Interchange design chainage km 8760 to 11450 L- 2.69 km and upgradation of existing 4L PS road to 6LPS with service road by flexible pavement design chainage km 11450 to 14500 L- 3.05 [total project length 5.74 km] in section of Nagpur - Hyderabad NH-44 Old NH-7,19.076,72.8777,619.55,41.51,2.96,8.24
617932,Construction of New Four Lane Bypass to Parbhani City Parwa to Asola Km 463/265 to Km 481/180 Design Ch. 19220 to Ch. 34434 Length-15.214 Km section of NH-61 on EPC mode in the State of Maharashtra.,19.076,72.8777,496.64,94.78,42.32,70.14
617934,Nasratpur to Barasgaon section of NH-61 2L / 4L PS from Km.514/00 to 558/200,19.076,72.8777,406.54,99.97,129.94,95.84
617937,Udgir Raavi Degloor Aadampur phata to Sagroli fata,19.076,72.8777,809.77,16.55,0.11,12.0
617938,Rehabilitation And Upgradation to four lane with paved shoulder configuration from km 24350 to km 61875 Jawale - Borgaon Kale of NH-63 in the State of Maharashtra on EPC mode under Annual Plan 2024-25 Total length - 37.525 Km.,19.076,72.8777,574.18,60.99,1.31,20.0
617945,Balance work of NH-66 from design Km 84/00 to Km 87/100 Indapur Bypass and Km 91/600 to Km 99/100 Mangaon Bypass to four lane with paved shoulder in State of Maharashtra under NHO on EPC Mode.,19.076,72.8777,354.21,55.39,0.0,67.16
617946,Kashedi to Parshuram Ghat section of NH-66 from Km 161/600 - Km 205/400 - 4L PS,19.076,72.8777,1142.62,100.0,37.41,97.5
617947,Arawali Kante section of NH-17New NH-66 4L PS from Km.241/300 to 281/300,19.076,72.8777,1443.09,100.0,0.01,80.06
617948,Kante - Wakad section of NH-66 4L PS from Km.281/300 to 332/200,19.076,72.8777,2020.56,100.0,18.61,90.14
617965,Kopargaon to Savali Vihir section,19.076,72.8777,195.38,99.92,54.13,93.45
617978,"Rehabilitation, upgradation & widening of existing highway to 2L/4LPS Rigid Pavement of NH 160 section- Phaltan to Mhaishal near Karnataka Border including Tasgaon Bypass, from existing chainage Km 301/430 to Km 458/415 in the State of Maharashtra- Package-II & Package III combined- starting from existing chainage Km",19.076,72.8777,631.76,62.47,33.74,85.0
617979,"Rehabilitation, upgradation & widening of existing highway to 2L/4LPS Rigid Pavement of NH 160 section- Phaltan to Mhaisal near Karnataka Border including Tasgaon Bypass, from existing chainage Km 301/430 to Km 458/415 in the State of Maharashtra. Package-I starting from existing chainage Km 301/430 at Phaltan Village Junction of Phaltan Baramati Road Design Chainage -301/430km & ending at",19.076,72.8777,533.76,83.06,0.0,74.29
618042,"Rehabilitation/ Upgradation of existing Highway to four lane standards in Kurkheda town from km.413257 to km 410775, Two lane in Shankarpur Gurnuli km 42400 to km 43100 section and Reconstruction of Major Bridge at Ch. 448558 Bhuti Nallah and Ch. 411695 Sati River bridge, Minor Bridge at Ch. 411477 and Ch. 405800 Lendhari",19.076,72.8777,163.86,89.08,29.92,50.25
618047,"Widening, Reconstruction & Up-gradation to 2 lane with Paved Shoulder/Four Lane configuration for the work of Ahmednagar to Sabalkhed & Ashti to Chinchpur Section of NH-561 from Design km 2915 to km 37728 & Design km 55100 to km 70000 in the",19.076,72.8777,657.16,62.47,0.0,88.56
618049,Up-gradation to 2/4 lane with paved shoulder configuration of NH-652 from Tuljapur Naldurg-Akkalkot road Chainage from Km. 00.000 to km 30.982 in the State of Maharashtra on EPC mode.,19.076,72.8777,183.41,99.83,35.41,98.0
618059,Construction of four-lane Concrete Road from Police Headquarter Gondia City to Rawanwadi Village Birsi Airport Junction from design km 0.000 to km 15.781 existing km 39/720 of NH-753 to existing Km 8/400 of NH 543 on sections from Kohmara- Goregaon- Police HeadquarterKaranja - Collector Office Square - Balaghat T Point-,19.076,72.8777,328.11,93.63,33.98,34.15
618061,"Strengthening, Widening & Up-gradation of newly declared NH-761 from NH- 61Junction-BelheAlkutiDevibhoyareNighojShirur, from Design chainage Km 0.000 to Km 37.970 from Single/Intermediate/2L to 2LPS in the State of Maharashtra on EPC",19.076,72.8777,386.16,94.17,14.82,62.5
618065,"Rehabilitation/Upgradation of existing Highway to 2LPS/4 lane of Dhawali to Rajoli from Design Km.149476 to 163476 existing Km.150000 to 164000, Pandhasala to Mohadongri from design Km.170476 to 181476 existing Km.171000 to 182000, Ambeshivni Fata to Bodli from design Km.183476 to 185476 existing Km.184000 to 186000 and Made Tukum to Gadchiroli from design Km.188476 to 189476 existing",19.076,72.8777,316.44,80.55,15.73,37.2
618088,Nandurshingote to Kolhar,19.076,72.8777,325.79,77.55,9.95,41.93
618089,Rehabilitation & Up-gradation of Mudkhed to Nanded section from Km. 372000 to Km 388400 of NH 161A i.e. Nanded-Bhokar-Himayatnagar-Kinwat-Mahur-Arani Road Design chainage from Km 372000 Mudkhed to Km 387650 Nanded of NH 161A Length 15.65 Km to 2/4Lane with paved shoulders configuration in the State of,19.076,72.8777,206.54,95.15,36.08,65.14
618094,Pen to Khopoli 2LPS,19.076,72.8777,369.39,100.0,90.18,86.3
618096,Rehabilitation and Up-gradation to 2 lane road with paved shoulders configuration for the balance work of 13 km length on Helwak-Patan-Karad section Km. 85000 to 133 417 of NH-166E in the state of Maharashtra on EPC mode.,19.076,72.8777,181.45,84.45,33.2,87.0
618097,Guhagar - Rampur - 2L-PS - km 0/00 Guhagar to 26/230 Rampur and 40/00 Mirjoli to 53/600 Sati on NH-166E,19.076,72.8777,407.2,100.0,0.0,91.89
618098,"Upgradation of exhisting 2 lane flexible pavement to 2 lane paved shoulders rigid pavement from design chainage Km 66.00 to Design Km 82.440 Start of Kolhapur Municipal corporation near Phulewadi to kale, design length 16.440 Km section on Talere Gaganbawada-Kolhapur road NH 166G in the state of Maharashtra on EPC",19.076,72.8777,167.97,99.93,0.0,93.75
618133,Strengthening and Widening of road Sakoli- Wadsa-Armori-Gadchiroli-Ashti- Allapalli - Sironcha National highway NH 353C in Km 262/00 to 321/00 including 16 minor Bridges and 2 Major Bridge Total length 59 Km section from repanpalli to sironcha in,19.076,72.8777,280.57,87.72,51.54,67.39
618134,Rehabilitation /Upgradation from Lagam to Alapalli section Desing Km. 199/400 to km 227/400 Length 28.0 Km to 2 lane with Paved Shoulders/ 4 lane configuration section of NH-353 C Sakoli-Wadsa-Armori-Gadchiroli-Ashti-Alapalli Sironcha in Gadchiroli,19.076,72.8777,459.39,95.62,28.79,81.42
618137,Rehabilitation and Up-gradation of Jarud - Sirsala section of NH-361F km 59500 to km11500 to Two lane with paved shoulder/ Four Lane in the state of Maharashtra on EPC mode Length 55.5 Km.,19.076,72.8777,540.35,62.47,29.31,68.23
618138,"Widening, Reconstruction & Up-gradation to 2 lane with Paved Shoulder/Four Lane configuration for the work of Sautada to Shirapur Section of NH-561 from Design km 86300 to km 125589 in the state of Maharashtra on EPC mode. Design length 39.289",19.076,72.8777,349.57,83.06,0.0,54.04
618139,Rehabilitation and Up-gradation of Gangakhed Loha section of NH-361F from Km 169/00 to 210/00 to two lane with paved shoulder/ four lane configuration in the state of Maharashtra on EPC mode Length - 41.00 Km.,19.076,72.8777,355.12,93.82,0.0,43.46
618150,Rehabilitation and Up-gradation of i. Deogaon phata to Digras phata Ch. 0/000 to 15/000 & Selu to Borgavhan Ch 20/900 to 35/800 [Length 29.9km] ii. Injegaon Dhamoni to Pohner Phata Ch.58/200 to Ch. 83/700 [Length25.5 km] and iii. Pohner phata to Pathri Design Ch. 42/700 to 58/200 [Length 15.5 km] sections of NH-548B to,19.076,72.8777,761.83,62.47,0.0,15.0
618152,Mhaswad to Tembhurni section of NH-548C - 2L PS,19.076,72.8777,488.6,99.97,0.0,96.19
618153,Satara to Mhaswad,19.076,72.8777,653.46,99.97,1.12,98.08
618154,"Rehabilitation & upgradation of Jamkhed to Sautada Section of NH548 D from km 195.375 to km 208.774, Length 13.399 Km to 2L PS /4L configuration with rigid pavement in the state of Maharashtra on EPC mode.",19.076,72.8777,157.62,100.0,0.0,68.93
618155,Development/Widening of Talegaon Chakan Shikrapur Nhavara Section of NH-548D from existing chainage km. 54/000 to 82/300 and Design chainage Km. 54/000 to 82/120 Shikrapur to Nhavara Section to 2LPS/4L Configuration on EPC Mode in the,19.076,72.8777,396.17,94.74,25.17,76.2
618172,Paithan - Shirur section 2LPS Km 0.0 to 55.00,19.076,72.8777,341.8,98.18,60.93,82.0
618173,Shirur-Kharda section from 55937 km to 114486 km to 2LPS/4L,19.076,72.8777,381.77,99.97,0.0,83.93
618174,Rehabilitation and Upgradation to two lane with paved shoulder configuration of NH- 752G from Sakri to Pimpalner Section Design Ch km 0000 to Ch km 21411 in the state of Maharashtra on EPC Mode. Length 21.411 km.,19.076,72.8777,226.58,88.69,0.0,100.0
618176,Rehabilitation and upgradation from ch km 50/200 to 56/800 and km 62/600 to 100/403 of Kolde to Visarwadi Near Junction with NH-6 section of NH 752G total length 44.40 to two-lane with paved shoulder / four lanes in the State of Maharashtra,19.076,72.8777,349.08,28.9,11.44,35.45
618177,Pal Phata Phulambri - Khultabad 2LPS,19.076,72.8777,227.19,100.0,2.54,95.29
618178,Widening and strengthening of Gangakhed to Kingaon section of NH-752K in Km 38/750 to 72/304 Flexible Pavement Length33.554 km to 2-lane configuration on EPC mode in the State of Maharashtra.,19.076,72.8777,162.67,90.73,0.0,72.0
618180,Pune raigarh District Border To Mangaon Ch 69000 to 103775 NH-753F,19.076,72.8777,223.46,100.0,0.0,89.08
618188,Rehabilitation and Up-gradation to 2 lane with paved shoulder configuration of Mahud Sangola road NH 965 G 159400 to 161900and 162400 to 183960 Design Chainage from km. 32/300 to km. 34/800 and km. 35/800 to km. 56/860 Rigid Pavement on EPC,19.076,72.8777,253.78,99.9,38.99,100.0
618198,Balance work of Rehabilitation and Up-gradation to 2-lane road with paved shoulders configuration for NH- 965DD from Pacharal-Mandangad-Mhapral-Rajewadi Upto Junction of NH-66 Ch-22700 to 75100 Km and Ambadave connector Birth place of Dr. Babasaheb Ambedkar Ch-0000 to 7325 Km length Km 59.725 in the state of,19.076,72.8777,341.69,99.94,49.83,93.07
618199,"Rehabilitation, Upgradation & Widening of existing Highway to Rigid Pavement 2 Lane with Paved Shoulder of NH 965DD from Lonand Shirval-Bhor Mandangad-Pchral Section ShindewadiPhata to Varandah Ghat Dist Border from Km 33/550 to 92/550 in",19.076,72.8777,723.13,92.46,23.24,53.5
618469,Vadodara Mumbai Expressway Phase II - Pkg XIII [Km. 26.582 to Km. 50.700] Shirsad - Masvan,19.076,72.8777,4679.54,99.94,42.45,98.2
618470,Vadodara Mumbai Expressway Phase II - Pkg XIV [Km. 3.000 to Km. 20.200 of Spur] Shirsad - Akloli,19.076,72.8777,2324.72,99.93,27.3,98.0
618471,Vadodara Mumbai Expressway Phase II - Pkg XV [Km. 20.200 to Km. 43.000 of Spur] Akloli - Amne,19.076,72.8777,2918.39,99.93,22.34,94.6
618472,Vadodara Mumbai Expressway Phase II - Pkg XVI [Km. 43.000 to Km. 69.800 of Spur] Amne - Bhoj,19.076,72.8777,4315.56,99.93,22.08,95.5
618473,Vadodara Mumbai Expressway Phase II - Pkg XVII [Km. 69.800 to Km. 79.783 of Spur] Bhoj - Morbe,19.076,72.8777,2463.02,99.92,37.81,90.73
618511,Upgradation & rehabilitation of Service Roads on both sides in urban areas of Pune City on PuneSatara section of NH48,19.076,72.8777,388.78,58.22,17.08,24.08
618512,Tunnel at Khambataki Ghat Section and its approaches from existing Km. 771.730 to existing Km. 782.000,19.076,72.8777,816.12,97.78,84.15,89.2
618513,6L of Kagal-Satara section from Km 592.500 to Km 658.000 of NH-48 Pkg-I,19.076,72.8777,1435.46,87.6,44.17,51.14
618514,6L of Kagal-Satara section from Km 658.000 to Km 725.000 of NH-48 Pkg-II,19.076,72.8777,317.4,91.58,65.12,90.12
618557,4L of Indora Chowk to Pachpaoli and Agrasen Chowk - Ashoka Chowk,19.076,72.8777,918.53,97.24,75.86,84.0
618585,6L of Gonde Km. 439.038 to Pimpri Sado Km. 459.905 section of NH-848 Old NH-3,19.076,72.8777,718.84,59.33,22.27,40.5
618586,Improvement and strengthening of existing 2 lane stretch to 2-Lane with PS 1.5m on both sides on Ghoti-Sinnar section of NH-160A using Thin White Topping 200mm thick in the State Of Maharashtra on EPC Mode,19.076,72.8777,147.64,99.77,77.93,77.0
618588,4L Mitigation Measure structures on CH/MH Border to Wainganga Bridge Section of NH-6 New NH-53,19.076,72.8777,468.92,99.94,99.01,99.79
618594,Balance work of 4L Panvel to Indapur section of NH-66 Old NH- 17 from km 0.000 Panvel to km 42.300 Kasu,19.076,72.8777,196.87,99.92,93.55,98.66
618626,Four laning from Dive Ghat Km. 220.900 to Hadapsar Km. 234.150 of Mohol Alandi section Pkg VI of NH-965,19.076,72.8777,400.0,73.25,35.35,70.01
618627,Construction of 7 Nos of Standalone safety structures/works at different locations on various NHs,19.076,72.8777,112.03,71.95,23.9,33.35
618628,Strengthening of Existing Alignment of Pandharpur Town Part Bypassed Section of NH 965 from KM 36.230 to KM 44.230 from Chh. Shivaji Maharaj Chowk to Wakhari,19.076,72.8777,87.59,82.48,87.28,69.25
618653,Loha-Waranga Section of NH-361 from km 187.800 to km 244.369,19.076,72.8777,3466.58,95.66,43.37,96.22
618693,Bodhre - Dhule,19.076,72.8777,1292.7,99.94,64.8,97.69
618754,Upgradation of 2L/4L with Paved Shoulder of Shirwal-Lonand Section from KM 159900 To KM 188025 of NH-965DD Section I and 2L With Paved Shoulder of Lonand-Satara Section from KM 51500 To KM 96246 Of NH-965D Section II in Satara,19.076,72.8777,307.24,58.22,52.33,43.57
618766,Up-gradation to Four Lane with Paved Shoulder configuration of the highway starting from existing km 88.400 Savali Vihir to km 163.400 start of Ahmednagar bypass Design Length 75.000 km section of NH-160 in the State of Maharashtra under,19.076,72.8777,617.93,66.58,48.3,48.55
618836,4L of Ratnagiri - Kolhapur section from km 67.140 to km 112.340 of NH-166 Pkg II,19.076,72.8777,1798.0,88.52,68.94,81.57
618837,4L of Ratnagiri - Kolhapur section from km 112.340 to km 145.300 of NH-166 PkgIII,19.076,72.8777,1910.41,88.52,56.49,68.95
618937,4L of Nagpur-Katol Section from Km. 13.00 to Km. 62.900 of NH-353J,19.076,72.8777,1432.82,89.23,82.45,81.54
618939,Construction of Standalone Flyover cum ROB from Design Ch.66.600 to Design Ch.68.800 in Gadchandur Town on NH-353B,19.076,72.8777,107.76,54.11,34.4,40.11
619008,Rehabilitation and Up gradation of Charthana Jintur Section of NH 752 I Km 25100 to 47100 to 2 Lane with Paved Shoulder configuration Flexible Pavement in the state of Maharashtra on EPC mode. Reg- Resubmission of Annual Plan Estimate.,19.076,72.8777,157.69,100.0,0.01,51.0
619042,"Construction of six lane Flyover at Katraj junction at Km, 3/880 of NH 548-DD Vadgaon - Katraj - Kondhwa - Mantarwadi Chowk - Loni Kalbhor - Theur Phata - Lonikand Road in Pune Dist of the State of Maharashtra. On Engineering",19.076,72.8777,163.51,100.0,49.07,83.19
619043,Capacity Augmentation in the stretch of DhulePimpalgaon section of NH60 Km. 261.720 to Km. 380.000 by Construction of Slip/Service Road on either side at various locations total length 30.30 Km LHSRHS and Flyover 2 x 30m at Sawadgaon Phata,19.076,72.8777,341.63,22.08,3.19,5.1
619069,Satara Km 725.000 to Pune Km 865.350 of NH - 4 New NH - 48 in Maharashtra,19.076,72.8777,425.51,97.92,90.96,99.05
619095,Balance works of 4L Panvel Indapur section of NH66 old NH17 from km 42.300 kasu to km 84.600 Indapur,19.076,72.8777,472.1,99.93,89.14,96.73
619149,4L of Ratnagiri - Kolhapur section of NH-166 from km 0.000 to km 19.769 and km 31.000 to km 67.140 Pkg I,19.076,72.8777,2108.41,93.63,68.52,97.4
619163,4L of Baramati to Indapur Pkg-II from km. 41.400 to km. 84.550 of NH-965G Saint Tukaram Marg,19.076,72.8777,1297.48,93.58,82.54,86.2
619198,Vadodara Mumbai Expressway Phase II - Pkg XII [Km. 50.700 to Km. 77.000] Masvan - Ganjad,19.076,72.8777,2388.52,99.94,41.01,99.87
619203,Vadape to Thane from km 539.202 to km 563.000 section of NH-3 new NH-848,19.076,72.8777,1371.27,97.81,35.87,87.0
619204,"Capacity Augmentation in the stretch of Pimpri Sado Vadape section of NH848 Km. 460900 to Km. 537000 by Construction of Slip/Service Road on either side at various locations total length 25.140 Km LHSRHS, Flyover 2 x 25m at Borivali Junction Km.",19.076,72.8777,372.03,22.08,0.4,1.0
619210,Dharampuri-Lonand from km. 117.00 to 166.40 Pkg-IV on Mohol-Alandi Section,19.076,72.8777,1358.68,98.25,108.51,97.4
619298,Construction of 6 Lane Elevated corridor from KM 612582 to KM 617540 including construction of Service Roads in Kolhapur City on NH -48 in the State of Maharashtra on EPC mode under NHO,19.076,72.8777,1039.0,5.47,0.01,0.0
619299,Construction of a 6-Lane Elevated Corridor from Km 593766 to Km 596620 Including Construction of Service Roads in Kagal City on NH-48 in the State of Maharashtra on EPC Mode.,19.076,72.8777,357.99,8.21,0.02,0.0
619300,Construction of Four Lane Nagpur-Katol section of NH-353J including Mitigation Structures from Design Ch. 37000 to Ch. 45990 Tiger Corridor-I Mitigation Structures from Design Ch. 37000 to Ch. 45990 Tiger Corridor-I in the State of Maharashtra on,19.076,72.8777,300.68,10.95,0.0,0.0
618298,Widening/Improvement of existing 2-Lane road to 4-Lane Divided Highway from Sekmai to Nilakuthi section of Imphal-Kohima Road Design Chainage from Km 297700 to Km 308729 of NH-39 New NH-02 in state of Manipur on EPC mode Pkg-5B,24.817,93.9368,211.7,99.95,128.63,94.71
618299,Improvement/Up-gradation of existing 2-Lane Road to 4-Lane Divided Highway from Daili to Kuraopokpi section of Imphal-Kohima road NH-02 Design Chainage from Km 274610 to Km 287000 in the state of Manipur on EPC mode Pkg-4B,24.817,93.9368,268.98,79.76,76.69,76.63
618300,Improvement/Up-gradation of existing 2-Lane Road to 4-Lane Divided Highway from Taphukuki to Daili section of Imphal-Kohima road NH-02 Design Chainage from Km 262175 to Km 274610 in the state of Manipur on EPC mode Pkg-4A,24.817,93.9368,379.39,99.95,82.96,91.39
618301,Widening/Improvement of existing 2-lane to 4-Lane Divided Highway from Kuraopokpi to Sekmai section of Imphal-Kohima Road Design Ch. km 287.00 to 297.700 of NH-39 New NH-02 in state of Manipur on EPC mode Pkg-5A,24.817,93.9368,228.97,81.59,62.57,48.35
618302,Widening/Improvement to 2-lane with earthen shoulder of Yaingangpokpi - Finch corner road section of NH-202 from Km 16.900 to Km 30.970 of NH-202 in the state of Manipur on EPC mode Package-2,24.817,93.9368,256.04,99.95,76.16,98.12
618303,Widening/Improvement to 2-lane with earthen shoulder of Yaingangpokpi - Finch corner road section of NH-202 from Km 0.000 to Km 16.900 of NH-202 in the state of Manipur on EPC mode Package-1,24.817,93.9368,222.77,99.95,63.25,88.96
618304,Widening/Improvement to 2 Lane with earthen shoulder of Jessami to Laynen bridge Nagaland border section of NH-29 of Imphal -Ukhrul - Jessami Economic Corridor from km 0.000 to km 11.009 in the State of Manipur on EPC mode under Bharatmala,24.817,93.9368,164.89,76.64,78.19,28.12
618305,Widening/Improvement to 2 lane with earthen shoulder of Marrem Khullen to Jessami section of NH-202 of Imphal - Ukhrul - Jessami Economic Corridor from Design Chainage km 95.700 to km 140.180 in the State of Manipur on EPC mode under,24.817,93.9368,554.66,62.38,40.7,26.22
618306,Widening/Improvement to 2 lane with earthen shoulder of Choithar to Marrem Khullen section of NH-202 of Imphal Ukhrul Jessami Economic Corridor from Design Chainage km 53.110 to km 95.700 in the State of Manipur on EPC mode under Bharatmala,24.817,93.9368,564.05,55.47,30.77,14.5
618333,Widening to 2 lane with Paved shoulder of lmphal to Jiribam section of NH-37 from Design Ch. from km 169570 Near Nungkao vlllage under Tamenglong District to km 205974 near Jiribam Bridge under Jiribam district under NHO-NE PKG-7,24.817,93.9368,760.16,88.78,56.32,92.52
618334,Widening to 2 Lane with Paved shoulder of lmphal to Jiribam section of NH-37 from Design Ch. from km 131.280 to km 169.570 on EPC mode in Manipur under NHO- TSP PKG-6,24.817,93.9368,504.76,91.21,64.56,95.2
618335,Widening to 2 Lane with Paved shoulder of lmphal to Jiribam section of NH-37 from Design Ch. from Km 101280 Near Khongsang Village to Km 131280 near Puilon Kambiron Village on EPC Mode in Manipur PKG-5,24.817,93.9368,410.68,91.75,93.18,91.02
618336,Widening to 2 -Lane with Paved shoulder of Imphal to Jiribam section of NH-37 from Design Chainage 66.110 km to 101.280 Km Existing Chainage km 67.496 to km 103.557 on EPC Mode in Manipur PKG-4,24.817,93.9368,579.63,92.52,70.43,86.05
618337,Widening to 2 -Lane with Paved shoulder of Imphal to Jiribam section of NH-37 from Design Chainage 33.000 km to 66.390 Km Existing Chainage from km 33.395 to km 67.496 on EPC Mode in Manipur PKG-3,24.817,93.9368,467.0,100.0,127.15,86.33
618338,Widening to 2-Lane with Paved shoulder of Imphal to Jiribam section of NH-37 from Design Chainage 15.940 km to 33.120 Km Existing Chainage Km 15.946 to Km 33.395 Total length17.180 Km in the State of Manipur on EPC mode PKG-2 - Balance,24.817,93.9368,195.14,89.29,83.38,93.1
618344,Widening to 2-lane with Hard shoulder of Churachandpur to Tuivai Section of NH- 102B from Design Chainage 69.875 Km to 121.769 Km in the State of Manipur on EPC mode Package-3,24.817,93.9368,673.27,93.69,83.68,85.84
618345,Widening to 2-lane with Hard shoulder of Churachandpur to Tuivai Section from Km 48.587 to Km 69.875 in the State of Manipur on EPC mode under NHO Package-2B,24.817,93.9368,365.53,99.95,54.24,88.2
618346,Widening to 2-lane with Hard shoulder of Churachandpur to Tuivai Section of NH- 102B from km 32.835 to km 48.587 in the State of Manipur on EPC mode under NHO Package-2A,24.817,93.9368,232.99,99.95,66.72,100.0
618347,Widening to 2-lane with Hard shoulder of Churachandpur to Tuivai Section of NH- 102B from km 13.747 to km 32.835 in the State of Manipur on EPC mode under NHO Package-1B,24.817,93.9368,241.52,99.95,68.26,100.0
618348,Balance work of Widening to 2 Two lane with hard shoulder of Churachandpur to Tuivai section of NH-102B from km 130.000 to km 141.029 Package-4B in the State of Manipur on EPC Mode,24.817,93.9368,177.76,74.52,55.09,9.17
618349,Balance work of Widening to 2 Two lane with hard shoulder of Churachandpur to Tuivai section of NH-102B from Design Chainage km 118850 to km 130000 Package- 4A in the State of Manipur on EPC Mode,24.817,93.9368,204.12,99.73,55.07,25.93
618355,"Construction of of 2 -Lane with paved shoulders road from Tamenglong-Tousem- Lisang-Mahur Road NH-137 starting near Dialong Village from km 10.000 at Dialong to km 31.430 near Old Tamenglong , near Barak River on EPC Mode Package-2",24.817,93.9368,483.87,100.0,77.68,95.28
618356,Construction of 2 -Lane with paved shoulders road from Tamenglong to Mahur in the state of Manipur from km 31.430 at Old Tamenglong to km 43.480 ending near Phelong on EPC Mode Package-3,24.817,93.9368,234.08,100.0,85.92,98.5
618357,Construction of 2 -Lane with paved shoulders road from Tamenglong to Mahur NH- 137 in Manipur starting from km 54.180 near Azuram to km 80.630 near Mandeu on EPC Mode Package 5,24.817,93.9368,477.86,100.0,69.09,84.87
618358,Construction of 2 -Lane with paved shoulders road from Tamenglong to Mahur NH- 137 starting from km 80.630 near Mandeu to km 96.870 near Jiri River on EPC Mode Package-6,24.817,93.9368,311.18,100.0,74.26,86.87
618387,Construction of 2-laning with Hard shoulder of Ukhrul Tolloi - Tadubi section of NH- 102A from Design Chainage km 9450 to km 50850 in the State of Manipur on EPC mode under NHO-NE Package-2,24.817,93.9368,578.98,87.76,48.12,80.04
618388,Construction of 2-laning with Hard shoulder road of Ukhrul - Tolloi - Tadubi section of NH-102A from Design Chainage 50.850 km to 81.870 km in the State of Manipur on EPC mode under NHO-TSP Package -3,24.817,93.9368,315.56,90.15,81.57,94.5
618389,Construction of 2-laning with Hard shoulder road of Ukhrul - Tolloi - Tadubi section of NH-102A from Design Chainage 81.870 km to 105.825 km in the State of Manipur on EPC mode under NHO-TSP Package -4,24.817,93.9368,310.76,99.93,92.59,97.0
618415,"Improvement of existing road to 2 laning with Hard Shoulders of Maram-Peren section Package-1B, length- 17.660 km from Design Chainage 22.340 km to 40.000 km on NH-129A in the State of Manipur on EPC mode",24.817,93.9368,188.36,100.0,0.0,100.0
618416,"Improvement of existing road to 2 laning with Hard Shoulders of Maram -Peren section Package-1A, length- 22.340Km from Design Chainage 0.000 km to 22.340 km on NH-129A in the State of Manipur on EPC mode",24.817,93.9368,226.32,89.85,84.04,75.08
617885,Rehabilitation and Up-gradation of Nongstoin Wahkaji section of Project Road Km 0000 to Km 43060 to Intermediate Lane with earthern shoulder under SARDP-NE Phase-A in the State of Meghalaya on EPC mode. Job No- SARDP-NE ong-Don-,25.5788,91.8933,302.88,99.94,61.99,99.62
618076,Improvement and Widening two lannig with paved Shoulder of NH 127B from km 31.500 Goeragre to km 63.224 Package-II in state of Meghalaya,25.5788,91.8933,350.67,62.47,0.0,4.5
618294,Improvement and Widening of National Highway No. 127B Darugiri - Songsak - Williamnagar Junction Section to two lane with paved shoulder from design Km 0000 to Km 36635 Design length 36.635 Km existing Km 112000 to Km 151060 of NH-1278,25.5788,91.8933,801.07,45.62,22.04,26.8
618295,Improvement/Widening of New NH-217 Dainadubi-Darugiri section to Two lane with paved shoulder in Meghalaya from design Km 0000 to Km 40840 existing Km 8600 to Km 53000 of Old NH-62 under BMP Lot-1 Pkg-1B Meghalaya portion,25.5788,91.8933,705.83,70.82,0.0,46.38
618374,Improvement/Widening to 2-L with Paved Shoulder/ 4-Laning of NH-40 section from Km 151330 to Km 163400 design Km 63.530 to Km 71.520 including Dawki Bridge of length 368 m between Shillong-Dawki under JICA ODA Loan assistance Phase-II Pkg-,25.5788,91.8933,284.21,89.82,60.1,42.91
618375,Improvement/Widening to 2-Lane with Paved Shoulder from design Km 45.760 to Km 63.530 between Shillong-Dawki under JICA ODA Loan assistance Phase-II -Balance work Pkg-4,25.5788,91.8933,445.51,93.21,9.51,53.43
618376,Improvement/Widening to 2-Lane with Paved Shoulder between Shillong-Dawki road up to Bangladesh Border from design Km 10.670 to Km 37.550 under JICA ODA Loan assistance Phase-II -Balance Work-Pkg-2,25.5788,91.8933,525.67,88.1,0.0,53.21
618377,Improvement/Widening to 2-L with Paved Shoulder/4-L from Km 81740 to Km 93490 design Km 0000 to Km 10670 of NH-40 New NH-106 & 206 section & 4-L from design Km 0.00 to Km 0.930 of NH-44 section between Shillong-Dawki under JICA ODA,25.5788,91.8933,351.12,100.0,69.25,100.0
618418,Rehabilitation and up gradation of Nongstoin-Rambrai-Kyrshai road up to Meghalaya- Assam border from Km 0.335 to km 34.039 to 2-Lane under NHO - NE in the State of Meghalaya Package-1,25.5788,91.8933,359.86,92.66,86.16,83.05
618419,"Construction of 2-Lane with paved shoulders of Shillong Western Bypass starting from NH-06 near Ladumsaw existing Km 60.900 of old NH40 to NH106 old NH 44E Package-III, from km 24700 to km 38256 under SARDP-NE PHASE A in the state of",25.5788,91.8933,562.48,95.62,60.48,52.28
618420,"Construction of 2 lane with paved shoulder of Shillong Western Bypass starting from NH-06 near Ladumsaw existing km 60.900 of old NH-40 to NH-106 old NH-44E, Package-II km 12800 to km 24700 under SARDP-NE Phase A in the State of",25.5788,91.8933,686.03,95.62,52.09,50.48
618421,"Construction of 2-Lane with paved shoulder of Shillong Western Bypass starting from NH-06 near Ladumsaw Existing km 60.900 of old NH-40 to NH106 old NH-44E, km 0000 to km 12800 Package-I under SARDP-NE PHASE A in the State of Meghalaya",25.5788,91.8933,620.3,95.62,53.68,74.85
618316,4-Laning of Vairengte - Chhimluang section Package-3 of NH-306 from Existing Chainage km 43000 to Km 59700 Design Chainage km 46000 to km 60850 on Silchar - Vairengte- Sairang road in the State of Mizoram under Bharatmala Pariyojna under,23.7271,92.7176,491.39,76.25,48.44,17.86
618317,4-Laning of chhimluang-Kolasib from section pkg-4 of NH-306 & NH-6 existing chainage km 59700 to km 86000 design chainage km 61000 to km 77500 on Silchar- vairengte-sairang road in the state of Mizoram under Bharatmala Pariyojna on EPC,23.7271,92.7176,561.91,76.25,39.86,17.12
618318,4-Laning of Kolasib - Sethawn section Package-5 of NH-6 from Existing Chainage km 86000 to km 107850 Design Chainage km 77500 to km 95500 on silchar - vairengte - sairang road under Bharatmala Pariyojna on EPC mode under NHO-NE Vairengte -,23.7271,92.7176,720.4,56.43,36.07,11.86
618319,"4-Laning of Sethawn - N. Kawnpui section Package-6 of NH-6 from Existing Chainage km 107850 to km 126315 Design Chainage km 95500 to km 111850 on Silchar- Vairengte- Sairang road, Vairengte - Sairang Pkg-6",23.7271,92.7176,595.65,76.25,31.8,6.72
618320,Construction of 4-Laning of N. Kawnpui N. Mualvum Mualkhang via Khamrang Village section Package-7 of NH-6 from Existing Chainage km 127200 to km 142000 Design Chainage km 111850 to km 123400 on Silchar - Vairengte - Sairang road in the State,23.7271,92.7176,866.32,27.65,21.93,18.9
618321,Construction of 4-Laning of West Serawlg-Sairang section of NH-6 from Existing Chainage km 142000 to km 158900 Design Chainage km 123400 to km 136260 on Silchar - Vairengte - Sairang road in the State of Mizoram under Bharatmala Pariyojna,23.7271,92.7176,875.79,24.82,32.92,13.95
618323,Construction of Twin Tube Uni-directional Aizawl Bypass Tunnel of 2.5 km and its approaches of 2.1 km from km 10.600 to km 15.200 on Sarrang - Phaibawk section of NH-6 in the State of Mizoram on EPC Mode under NHO-NE Package-2,23.7271,92.7176,1313.28,22.08,0.01,0.0
618324,Construction of 2-lane Aizawl Bypass from km 15.200 to km 34.500 Package-3 on Sairang - Phaibawk section of NH-6 in the State of Mizoram under Bharatmala Pariyojna on EPC Mode under NHO-NE,23.7271,92.7176,720.72,26.89,14.24,15.1
618362,Construction of 2-laning with hard shoulder of Lunglei to Chhumkhum from Design Chainage Km 0.000 to Km 37.420 of NH-302 [Lunglei-Tlabung] Package-A,23.7271,92.7176,698.45,95.3,79.3,64.78
618363,Construction of 2-laning with hard shoulder configuration of Chhumkhum to Tlabung from Design Chainage Km 37.420 to Km 74.950 of NH-302 in Mizoram under Bharatmala Pariyojana on EPC mode [Pkg-B],23.7271,92.7176,740.58,93.78,66.77,61.34
618379,Widening and Up-gradation to 2- Lane with Paved Shoulder Configuration and geometric improvement from Km. 208. 000 to Km 250.000 Package-5 on Aizawl Tuipang Section of NH-54 in the State of Mizoram Package-5,23.7271,92.7176,752.89,100.0,16.69,95.35
618380,Widening and Up-gradation to 2- Lane with Paved Shoulder Configuration and geometric improvement from Km. 125. 000 to Km 166 Package-3 on Aizawl Tuipang Section of NH-54 in the State of Mizoram Package-3,23.7271,92.7176,867.09,100.0,60.56,97.51
618383,Widening and up-gradation to 2-lane with paved shoulder configuration and geometric improvements from km 339.00 to km 380.00 Siaha on Aizawl-Tuipang section under JICA ODA Loan assistance Phase-I Package-8,23.7271,92.7176,637.06,100.0,85.86,99.82
618452,"2-laning of Zorinpui - Longmasu section of NH-502A from km 0.000 to km 28.244 in the State of Mizoram on EPC mode under NHO-NE, stretch of IMBR",23.7271,92.7176,781.85,64.44,6.17,4.71
619010,Up-gradation to 2 lane with paved shoutders of Pawlrang - Rulchawm section- of NH- 102B of Aizawl - Imphal Economic Corridor from Existing Chainage km 72.030 to km 104.129 including 2.459 km re-alignment section from Tuivai River to Rulchawm connecting km 48.150 of NH-6 [Design Chainage km 68.170 to km 98.579] in the,23.7271,92.7176,500.88,100.0,88.57,99.52
619321,Balance work of widening to two laning/re-alignment and geometric improvement from Km. 11000 to Km. 114618 with rectification of damaged stretches and provision of protection works in vulnerable location of NH-44 in the State of Mizoram.,23.7271,92.7176,170.96,12.45,0.0,2.0
619199,Bangalore Chennai Expressway Phase-II Pkg-I from km.71.000 to Km 96.000 Bethamangala in the state of Karnataka to Byreddypalli Multi-States,14.7389,79.1213,1410.01,97.76,52.8,99.2
618681,6L Aluru - Jakkuva Section of NH-130CD Road from km 365.033 to km 396.800 Pkg. 1 Multi-States,18.40115,83.23625,1241.66,99.94,56.64,99.63
618477,Bangalore Chennai Expressway Phase-III Package I Gudipala to Walajajhpet from Km 156.000 to Km 180.000 Multi-States,14.79445,80.45935,1481.87,99.94,50.39,99.02
618634,6L of Veera Kaveri Raja Puram to Pondavakkam from km 61.380 to km 96.040 of NH 716B Pkg-III Multi-States,14.79445,80.45935,1439.77,97.61,56.16,98.89
618769,Walajahpet/Ranipet to TN/AP Border Section of from Km.106.800 to Km.133.36 NH-4 Multi-States,14.79445,80.45935,1214.7,45.62,19.82,15.58
618772,6L of Kumarajapet to Veera Kaveri Raja Puram from km 43.800 to km 61.380 of NH- 716B Pkg-II Multi-States,14.79445,80.45935,799.36,97.0,50.77,99.8
619077,6 laning of Balance Work of Chennai - Tada from km. 21.40 to km. 54.40 Multi-States,14.79445,80.45935,472.37,99.97,82.51,100.0
618747,Khammam-Devarapalle Pkg III [4L Access Controlled Greenfield from Chintagudem village to Recherla village Design Chainage 63117 to 105236] Multi-States,16.9456,79.56735,1227.07,99.93,52.94,98.82
618818,4L Access Controlled Greenfield Highway section on NH-163G Khammam Vijayawada from Remidicherla village at Design Ch. 280.200 Km to Jakkampudi village on NH-16 Multi-States at Design Ch. 309.909 Km Package-III,16.9456,79.56735,1225.14,38.31,18.67,5.8
619143,4L Access Controlled Greenfield Highway section on NH-163G Khammam Vijayawada from BrahmanapalliK village at Design Ch. 250.400 Km to Remidicherla Multi-States village at Design Ch. 280.200 KmPackage-II,16.9456,79.56735,862.58,62.9,20.39,25.78
619212,6L Access Controlled Greenfield Highway of Julekal village to Dinnedevarapadu village from Km 242.200 to Km 280.400 Pkg-2 Multi-States,16.9456,79.56735,1315.87,84.27,40.97,70.6
618359,Widening/Improvement to 4-Lane with Paved Shoulder from km 55000 Nagabang Gamsuk to km 82514 Oyan in the State of Assam and Arunachal Pradesh on EPC Multi-States mode under Bharatmala Pariyojna of Length 27.514 Km Package-3,26.61445,92.67075,665.47,76.62,57.19,96.7
618531,6L of Aurangabad to Bihar-Jharkhand border Chordaha section from km. 180.000 to km. 209.827 of NH-2 PKG-01 Multi-States,24.4691,85.2236,786.81,83.15,25.71,37.93
618724,6L Greenfield Varanasi-Ranchi-Kolkata Highway from Anarbansalea village to Sagrampur village From KM. 151200 to KM. 184700Package-7 Multi-States,24.4691,85.2236,1723.42,56.43,19.75,28.16
618732,6L Greenfield Varanasi- Ranchi- Kolkata Highway from Sonepurbigha village to junction with NH- 22 Chatra Bypass near Chatra from km 184.700 to km 222.000Pkg - 8 Multi-States,24.4691,85.2236,1728.17,12.45,11.59,3.94
618951,Hariharganj to Parwa Mode section from km 23.284 to km 57.049 of NH-98 (NHAI) Multi-States,24.4691,85.2236,1186.56,99.94,69.96,91.3
618952,4L of Sahibganj - Manihari Ganga Bridge including Manihari Bypass (NHAI) Multi-States,24.4691,85.2236,1978.01,83.09,102.38,87.02
619078,Six Laning of Bihar - Jharkhand Border Chordaha - Gorhar section of NH-2 from km 249.525 to km 320.810 Multi-States,24.4691,85.2236,1689.17,95.51,75.53,78.0
619307,4L of Munger Mirzachauki section from Km 157350 to Km 193931 Pkg-4 (NHAI) Multi-States,24.4691,85.2236,1481.58,99.93,60.3,92.74
618530,Six Laning of Varanasi to Aurangabad from km. 786.00 to km. 978.40 of Old NH-2 Multi-States,26.2204,83.0419,3241.56,99.98,88.24,99.92
618728,6L Greenfield Varanasi-Ranchi-Kolkata Highway from junction with NH-19 & Varanasi Ring Road near Rewasa village to junction with Chandauli-Chainpur road near Khainti Multi-States village from Km. 0.000 to Km. 27.000 - Pkg-1,26.2204,83.0419,1564.15,69.92,35.74,47.63
618882,Construction of additional 3-Lane Bridge over River Ganga for connection between Buxar and Bharauli on NH-922 in the State of Uttar Pradesh and Bihar on Hybrid Multi-States Annuity Mode,26.2204,83.0419,444.92,39.82,10.59,22.26
619154,Construction of Four Lane Highway from Ghazipur- Ballia-UP/Bihar State Border Greenfield section of NH-31 Package III [from Pindari km 78.150 to Rawalganj Bypass Multi-States Km 117.120] on EPC Mode in the state of Uttar Pradesh.,26.2204,83.0419,1493.59,94.64,69.95,86.11
618584,4L of Kishanganj - Bahadurganj section from Km. 0.000 to Km. 23.649 & interchange at Start Point Length - 1.200 Km of NH-27 Multi-States,24.08335,86.75075,855.56,33.15,21.17,20.14
619064,Vadodara Mumbai Expressway Talsari to Karvad Phase IB - Pkg X [Km 103.400 to Multi-States Km 128.000] (Dadra & Nagar,19.260833,73.114133,2652.24,76.77,41.37,36.23
618942,"Vadodara Mumbai Expressway Talsari to Karvad Phase IB - Pkg X [Km 103.400 to Multi-States Km 128.000] (Dadra & Nagar 10/2020 03/2024 1909.74 1342 (NHAI) Haveli and Daman 1097.32 36.23 (619064) & Diu, Gujarat, Balance work of 2L PS from Km 30.800 to Km 70.800 and 2L with Rigid Carriageway from Km 70.800 to km 84.120 of Khanapur- KA/GOA Border section of NH-4A Multi-States (Goa,",12.9716,77.5946,149.44,86.53,73.82,84.7
618637,Bal. Works of Fagne Km. 510.000 to Maharashtra/Gujarat Border Km. 650.794 Multi-States,21.1458,72.7573,1672.89,94.61,86.54,99.7
618486,Delhi-Amritsar-Katra Expressway Phase-I Pkg-V from Junction with Ambala-Kaithal- Hissar road NH-152 near Kharak Pandwa village to Junction with Patiala-Samana- Patran road SH-10 near Ghagga village Km 120250 to Km 157920 Multi-States,30.81715,76.31835,2281.02,99.94,66.12,98.7
619093,4L Ismailabad to Ambala Section of NH-152 Lot-4/Package-1 (NHAI) Multi-States,30.81715,76.31835,454.34,84.02,67.79,76.3
619134,6L of Ambala-Chandigarh greenfield section from Km. 0.000 to Km. 25.000 with 4L spur to Lalru from Km. 0.000 to Km. 5.828 & spur to PR-7 road from Km. 0.000 to Km. 11.157 Multi-States,30.81715,76.31835,1904.79,97.0,67.09,90.01
619216,6L access Controlled Greenfield Highway from Adhoya Musalmana to Sadopur section of Shamli -Ambala Package-III Design Ch. Form km 84.400 to km 121.786 Multi-States,30.81715,76.31835,1122.86,90.61,70.53,81.33
618505,Additional Structures on 6LGurgaon-Jaipur Section of NH-48 between KM 42.700 to KM 273.00 Multi-States,28.82285,76.28335,290.64,99.93,68.92,88.9
618691,4 laning of Aligarh-Palwal Section from Km. 46.390 Design Chainage to Km. 69.110 Terminating at junction EPE Package-II from Kurana- Eastern Peripheral Expressway Multi-States of NH-334D,28.79,78.8628,903.94,49.86,27.68,17.16
618723,6L access Controlled Greenfield Highway from Ranipur Barsi to Adhoya Musalmana section of Shamli -Ambala Package-II Design Ch. Form km 45.500 to km 84.400 Multi-States,28.79,78.8628,1241.89,86.52,68.27,82.75
619068,Construction of Greenfield Connectivity to Jewar International Airport from DND- Faridabad-Ballabhgarh Bypass KMP Link - Spur to Delhi Mumbai Expressway Multi-States,28.79,78.8628,3485.77,82.57,50.85,76.3
618907,2L/4L of Hoshiarpur to Una section including Hoshiarpur Bypass of NH 503A Multi-States,31.0029,76.51535,481.88,62.47,53.5,26.43
619066,Delhi-Amritsar-Katra Expressway Phase-II Pkg-XIV from Junction with Pathankot- Gurdaspur road NH-54 near Balsua to Junction with Hiranagar Road near village Multi-States Gurha Baildaran km 423500 to km 468100,32.49235,75.3273,3707.91,95.84,47.91,87.3
618533,Barwa Adda Km. 398.240 to Panagarh Km. 521.120 Multi-States,22.95835,86.83675,1568.22,99.98,108.08,100.0
618734,6L Greenfield Varanasi- Ranchi- Kolkata Highway from junction with NH-320 in Lepo village to Kamlapur villageJH/WB border from km 358.500 to km 387.200 Pkg -13 Multi-States,22.95835,86.83675,1319.18,45.62,25.04,24.76
618909,2L PS of JH / WB Border km. 70.524 - Purulia km.84.400 & Purulia km. 94.30 - Chandil Junction with NH-33 km. 153.705 of Old NH-32 Multi-States,22.95835,86.83675,1771.88,97.52,93.24,97.65
618948,4L of NH-80 section of Mirza Chauki to Farakka section from existing km 190.00 to design km 200.75 junction at km 3.100 of NH 133 B and from existing km 260.00 to Multi-States existing km 283.00 design km 274.133 in the state of Jharkhand package - II,22.95835,86.83675,782.18,25.75,28.65,8.65
619205,Six Laning of KT/KL Border Thalapaddy -Chengala from Km. 17.200 to Km. 57.20 Multi-States,10.74785,77.2656,2681.48,99.94,63.45,100.0
618516,6L from Sankeshwar Bypass to MH-KNT Border from Km. 555.017 to Km. 592.853 of NH-48 Pkg-II Multi-States,16.0238,75.23615,1066.86,83.62,110.98,85.3
618636,Akkalkot MH/KN border New Greenfield corridor from Km 512.000 to Km 548.400 of NH-150C part of Akkalkot KN/TS Border section Package XIV Multi-States,16.0238,75.23615,1403.49,68.65,23.01,57.62
618519,Bangalore Ring Road STRR-NH-948A- Package-I of Phase-III from Belagondapalli TN to TN/KNT border from km 144.480 to 179.969 Multi-States,13.02715,78.93265,1218.47,90.61,63.77,92.95
618581,Hosur to Dhamrapuri Pkg-1 [Neraluru - Thorapalli Agraharam] Multi-States,13.02715,78.93265,1828.66,90.08,80.08,78.7
618631,6L of MH/KN Border Nimbal Village to KN/TS Border Singnodi Village from Km. 162.5 to Km. 203.100 in Raichur of NH-150C Pkg-IV Multi-States,15.1783,78.04065,1457.48,99.93,57.65,99.51
618632,6L Access Controlled Greenfield Highway of Nandinne village to Julekal village from Km 202.900 to Km 242.200 Pkg-1 Multi-States,15.1783,78.04065,1044.06,99.92,44.01,93.79
619097,Thalassery Mahe Bypass Km 170.600 to Km 189.200 of NH-17New NH-66 in Kerala Multi-States,10.23285,78.37245,1573.18,99.97,97.56,100.0
619101,4L Shahpur to Muktainagar from Km. 186.000 to km 216.278 of NH 753L Pkg II of Boregaon Buzurg to Muktainagar Multi-States,21.16795,75.14515,659.52,93.43,50.1,64.0
618556,"Construction of 26 VUPs, Major Bridge, Service Road etc. on Lalitpur-Sagar- Lakhnadon section of NH-44 NS Multi-States",25.0533,79.1794,665.91,99.89,86.26,97.4
618668,4L of Chowka to Kaimaha near MP/UP Border section NH-34 from D. Ch. 145.000 to D. Ch. 197.266 excluding existing Chhatarpur bypass from D. Ch. 160.307 to D. Ch. Multi-States 168.630 Package-4,25.0533,79.1794,846.68,99.7,36.97,49.18
618941,4L of Bamni - Rajura - Warur - Devada upto M.S. Border of NH - 930D from km 19.000 to km 51.985 Multi-States,18.2305,75.6822,1187.19,87.76,69.66,78.16
618844,Viluppuram Km.0.000 to Puducherry Km.29.000 Multi-States,12.51215,80.0395,1162.44,98.19,45.28,98.32
618845,Puducherry Km.29.000 to Poondiyankuppam Km.67.000 Multi-States,12.51215,80.0395,1415.9,98.19,32.52,98.75
618847,Sattanathapuram to Nagapattinam from Km 123.800 to Km 179.555 Multi-States,12.51215,80.0395,2899.77,94.54,55.02,85.6
618711,6L with access control provision Saharanpur bypass to Ganeshpur section from 13.89 Km to 41.820 Km of Delhi- Dehradun Economic Corridor package-2 Multi-States (Uttar,30.0668,79.0193,560.03,99.93,90.79,99.29
618783,4-laning of Pilibhit - Sitarganj from Km. 32.500 to Km. 70.800 Pkg-2 of NH-30 Multi-States,30.0668,79.0193,1471.19,67.38,31.95,44.41
618886,Road Safety Improvement of Critical Junctions on MuzaffarnagarHaridwar Section of NH-334 from Km 143000 to Km 196000 Multi-States (Uttar,30.0668,79.0193,0.1,41.51,42080.0,22.64
618928,"Improvement & Up-gradation of NH-734 Section of Moradabad-Thakurdwara Kashipur including Moradabad & Kashipur Bypasse Package-III Kashipur Bypass Length Multi-States (Uttar 14.490 Km., Starts from Ch. 38770 and ends at Ch. 53260 existing Ch. 05560",30.0668,79.0193,717.5,80.55,53.85,53.84
618969,4/6L of Spur to Haridwar Greenfield from Km. 0.000 to Km. 50.70 Multi-States,30.0668,79.0193,2612.3,97.55,59.07,92.98
619217,4L of Haridwar-Nagina section from km. 0.00 to km. 71.614 of NH-74 Multi-States,30.0668,79.0193,1622.49,99.97,95.34,99.85
617886,Widening of existing Single lane / Intermediate lane road to 2 lane from Km 101 to Km 125 of NH 61,25.6751,94.1086,252.2,76.4,0.0,44.46
618072,Widening to Existing single lane /intermediate lane to 2 lane from Km185.00 to Km 220.00 of NH-61 New NH-02 in the state of Nagaland.,25.6751,94.1086,297.25,100.0,52.2,100.0
618290,"Construction of 2-lane with Paved shoulder of Kohima- Bypass Road Connecting NH- 39New NH-02, NH-150New NH-02, NH-61New NH-29, NH-39New NH-02 from Design Km 32.00 to Design Km 43.454Design Length-11.454 Km in the State of Nagaland",25.6751,94.1086,202.36,94.54,50.56,46.77
618291,"Construction of 2-lane with Paved shoulder of Kohima-Bypass Road connecting NH- 39 New NH-02, NH150New NH-02, NH7-61 New NH-29 and NH-39 New NH-02 from Design km 21.000 to km 32.268 [Design length11.268 km] in the state of Nagaland",25.6751,94.1086,342.29,90.38,37.49,39.54
618292,Construction of 2-Lane with paved shoulder of Kohima-Bypass Road connecting New NH-02 and New NH-29 from Design Km 10.500 to design Km 21.000 [Design Length- 10.500 km] including TUNNEL of 500m at Ch. 11.000 in the state of Nagaland Under,25.6751,94.1086,277.44,83.29,72.8,69.76
618293,"Construction of 2-Lane with paved shoulder of Kohima-Bypass Road connecting NH- 39New NH-02, NH-150New NH-02, NH-61New NH-29 and NH-39New NH-02 from design Km 0.00 to Km 10.500 in the State of Nagaland under SARDP-NE on EPC",25.6751,94.1086,350.88,91.51,34.46,27.24
618296,Balance work of Construction of 2-lane with hard shoulder of Kohima - Jessami road on NH-29 old NH-150 from existing km 98.380 near Chizami vill. to km120.367 Nagaland/Manipur Border [Design km 95.700 to design km 117.200] [Design Length 21.500 km] in the state of Nagaland Under Bharatmala Pariyojna on EPC Mode,25.6751,94.1086,330.8,100.0,81.07,98.39
618297,Construction of 2-lane with hard shoulder of Kohima - Jessami road on NH-29 Old NH- 150 from existing Km 30.474 Near Kidwema road Chakahabama to existing Km 53.220 Near Kikruma Village Design Km 29.60 to Km 51.50 Design length-21.90 Km in the state of Nagaland Under Bharatmala Pariyojna on EPC Mode under NHO,25.6751,94.1086,355.79,88.45,0.0,43.13
618328,4-Laning of Balance work of Dimapur-Kohima Road from design km 152.490 to km 166.700 Existing km 156.000 to km 172.900 Excluding Dimapur & Kohima Bypass under SARDP-NE Package-III,25.6751,94.1086,794.75,97.08,68.3,84.32
618364,"Widening to 2 Lane with Hard shoulder of Akegwo-Avangkhu section of NH-202K for Package-I Design Chainage 0000 Km to 34795 Km, in the State of Nagaland on EPC mode under NH O-NE",25.6751,94.1086,430.24,100.0,0.0,87.0
618365,Widening to 2 Lane with Hard shoulder of Akegwo-Avangkhu section of NH-202K for Package-III Design Chainage 69875 Km to 106816 Km in the State of Nagaland on EPC mode under NHO-NE,25.6751,94.1086,497.18,100.0,0.0,85.67
618366,Widening to 2 Lane with Hard shoulder of Akegwo-Avangkhu section of NH-202K for Package-II Design Chainage 34795 Km to 69875 Km in the State of Nagaland on EPC mode under NHO-NE,25.6751,94.1086,442.54,100.0,0.0,58.5
618413,Construction of 2 laning with Hard shoulder of Peren-Dimapur section on NH 129A from Design Km 146.208 to Km 163.592 Length- 17.384 km in the state of Nagaland on EPC mode under NHO-TSP Package-III,25.6751,94.1086,199.02,99.91,56.13,95.62
618414,Construction of Balance work for 2-lane with hard shoulder of Peren- Dimapur section on NH-129A from Design Km 126.775 to Km 146.208 Length 19.433 Km in the state of Nagaland on EPC mode under NHO-TSP Package-II,25.6751,94.1086,258.52,100.0,52.64,96.53
618422,"Construction of 2-lane with hard shoulders of Merangkong-Tamlu-Mon road Wakching Twon portion on EPC basis from existing Chainage Km 59000 to Km 73640 [Design Km. 59000 to Km, 72450] Design length - 13.450 Km under SARDP-NE package-V",25.6751,94.1086,161.73,100.0,62.62,99.75
618423,Construction of 2-Lane with hard shoulders of Merangkong-Tamlu-Mon MTM Road from existing Km 20.456 to Km 41.065 Design Km. 20 to Km. 40.0 Design Length- 20.000 Km in the State of Nagaland under SARDP-NE Phase-A Pkg-2 Balance work,25.6751,94.1086,215.79,100.0,80.23,100.0
619059,Construction of 2-Lane with hard shoulders of Merangkong-Tamlu-Mon Road on EPC Basis from existing road Km. 76.640 to Km 98.065 Design chainage Km. 63.800 to Km. 86.835 Design Length-23.035 Km in the state of Nagaland under SARDP-NE,25.6751,94.1086,323.98,89.64,45.49,79.03
617898,New construction of Major Bridge with Approaches from Km 0.000 to 1.200 Madhopur -Badabanta section of NH-20 under NHO in Annual Plan 2022-23 in the State of Odisha,20.2961,85.8245,199.5,53.23,0.16,0.0
617899,Widening and Strengthening to 4LPS/2LPS from km 0.000 to 35.800 Kuakhia - Mangalpur section of NH 20 in the state of Odisha on Annual Plan 2021-22,20.2961,85.8245,636.1,90.74,46.61,56.11
617902,construction or By-pass road on NH-26 for Nabrangpur Town,20.2961,85.8245,168.95,83.15,6.59,38.0
617904,Construction of Bypass road to Balangir town from km 72/400 Desing km 0/0 to km 79/800 Design km 11/670 of NH-26 in the State of Odisha.,20.2961,85.8245,238.78,90.82,2.84,55.0
617905,Construction of 4 lane ROB with approaches in lieu of LC No. RV-172 at km 176.00 of NH-201 present NH-26 at Kesinga including land acquisition in the state of Odisha on EPC mode under Annual Plan 2021-22,20.2961,85.8245,324.09,81.25,27.3,78.0
617918,"Widening and Strengthening of existing S/L, I/L, & D/L to 2 Lane with PS from Km 256/455 to 256/503, 256/820 to 256/960, 265/760 to 266/010, 266/010 to 266/800, 270/975 to 271/055, 276/460 to 276/560, 276/560 to 276/700, 276/700 to 277/480, 285/780 to 288/290, 288/290 to 291/050 and construction of 3 Nos. of Bypass from",20.2961,85.8245,174.21,10.95,3.69,0.0
617920,Widening and Strengthening to 2LPS including LA from km 318.970 to 353.450 Balikuda-Mulkani Section of NH-55 under NHO in Annual Plan 2022-23 in the State of Odisha. Job No. NH-55-OD-2022-23-656,20.2961,85.8245,511.54,58.22,1.49,3.0
617921,Widening and strengthening to 2LPS including LA of Kandarpur-Balikuda from km 277/500 to 318/970 of NH-55 in the State of Odisha under Annual Plan 2021-22.,20.2961,85.8245,499.79,92.55,26.28,66.0
617922,Construction of Jharsuguda Bypass including Land acqusition on NH-49 from km 258.636 to km 283.300 design chainage 258.636 to km 289.876 under NHO in Annual Plan 2022-23 for the state of Odisha Job No.NH-49-OD-2022-23-655,20.2961,85.8245,587.1,63.23,8.96,25.0
617923,Construction of Daspalla Bypass from km 195.250 To 200.635 of NH-57 including land acquisition in the state of Odisha on EPC mode under Annual Plan 2022-23.,20.2961,85.8245,155.97,62.47,34.01,25.0
617925,Construction of Bypass to Khordha town from Km 294/000 to 300/300 on NH-57 including LA in the State of Odisha on EPC mode.,20.2961,85.8245,157.49,99.92,21.39,92.0
617930,Construction of Bypass on NH-59 from Km 336/350 to 349/910 13.56 km near Berhampur town including 4-lane RoB in the state of Odisha.,20.2961,85.8245,196.94,92.91,30.24,70.0
618003,Construction of four lane ROB and its approaches in lieu of existing Level Crossing No. RV-71 at km 435 on NH-217 New NH-353 at Khariar including land acquisition under NHO in Annual Plan 2021-22 for the state of Odisha for F.Y. 2021-22 to F.Y,20.2961,85.8245,154.49,97.31,16.29,90.0
618012,"Widening & strengthenlng to 2LPS from km 0,000 to 40.000 Dhaugaon- Podamari section of NH 326 in the State of Odisha under Annual Plan 2021.22.",20.2961,85.8245,186.52,88.1,24.87,60.0
618079,Construction of Dharmagarh Bypass on NH-130C including land acquisition in the state of Odisha on EPC Mode under Annual plan 2022-23.,20.2961,85.8245,172.66,88.69,0.0,15.0
618122,Widening to 2 lane with paved shoulded of Jareikela Jharkhand/Odisha Border - Dhabaleswar section from 0/0 to 36/0 of NH-320D in the State of Odisha under Annual Plan 2021-22.,20.2961,85.8245,172.09,91.51,4.31,34.0
618523,Bhadrak KM 136.500 to Baleshwar KM 199.141,20.2961,85.8245,1394.82,96.68,56.21,91.32
618591,"Construction of 6-lane flyover at Ainthapali junction and a 2-lane ROB LHS on NH-53 Earlier NH-6 in Sambalpur, on EPC mode in Odisha under NHO",20.2961,85.8245,211.74,86.53,50.49,54.2
618592,"Balance work of 8 nos. of Elephant Underpasses EUPs, 1 no. of Vehicular Underpass VUP, 1 nos. of Light Vehicular Underpass LVUP, 1 nos. of Pedestrian Underpass PUP, 1 nos. of Foot Over Bridge FOB and A2 side approach of Jharpokharia Flyover",20.2961,85.8245,244.85,59.87,22.59,25.04
618593,Balance work of Rehabilitation and Upgradation to four laning of Baharagora Singhara section of NH-49 from Km.229.727 to Km.238.990 Length 9.263 Km. including construction of five nos. of Elephant Underpasses EUP and fourteen nos. of Animal Underpasses AUP inside the buffer zone of Similipal Tiger Reserve Area in,20.2961,85.8245,163.07,49.89,8.47,9.95
618677,6L Greenfield Kaliagura Baunsaguar Section of NH-130-CD Road from km 249000 to km 293000 Package OD-5,20.2961,85.8245,1918.49,94.35,53.51,97.8
618678,6L Greenfield Baunsaguar - Baraja Section of NH-130-CD Road from km 293000 to km 338500 Package OD-6,20.2961,85.8245,1635.44,99.93,61.22,99.6
618680,6L Greenfield Kandili - Aluru Section of NH-130-CD Road from km 342500 to km 365033 Package-OD-8,20.2961,85.8245,1912.84,99.93,56.93,99.9
618704,6L Flyover including RE Wall approaches with Flexible Pavement in the Elephant Corridor of Angul Sambalpur Section of NH-42 New NH-55 Km.202.533,20.2961,85.8245,106.32,99.87,99.83,100.0
618705,"4L Godibandha to Ballhar Chhak, Ballhar Chhak to Banarpal & Banarpal to Start of Angul bypass at Km.314.130 to Km.321.035 of NH53, at Km.75.200 to Km.84.000 of NH149 & at Km.84.000 to Km.86.100 of NH55",20.2961,85.8245,973.12,24.66,24.77,5.4
618820,Rehabilitation and Up gradation from 4 to 8 laning of Chandikhole Paradip Section of NH-53 Old NH 5A from Km.39.000 to Km.60.00 Package-3,20.2961,85.8245,938.55,82.04,42.19,92.02
618821,Rehabilitation and Up gradation from 4 to 8 laning of Chandikhole Paradip Section of NH-53 Old NH 5A from Km 18.00 to Km 39.00 in the State of Odisha on HAM mode Package-2,20.2961,85.8245,950.4,91.28,44.66,98.22
618822,Rehabilitation and Up gradation from 4 to 8 laning of Chandikhole Paradip Section of NH-53 Old NH 5A from Km.0.00 to Km.18.00Package-1,20.2961,85.8245,869.45,86.34,45.88,96.75
618908,3L Major Bridge over River Brahmani at Km. 401.250 Duburi - Chandikhole Section of NH-200 New NH -53,20.2961,85.8245,103.68,78.62,71.14,38.0
619109,6L of Badakumari - Karki Section from Km 179.000 to km 226.500 of NH-130-CD Package OD-3,20.2961,85.8245,1374.43,99.94,51.91,99.7
619118,Four Laning of Angul to Sambalpur from Km.112.000 to Km.265.000,20.2961,85.8245,2632.91,99.97,93.62,99.98
619119,Cuttack-Angul Section of NH-42 New NH-55 from km 0.400 to km 60.200 Pkg-I in the State of Odisha,20.2961,85.8245,1178.31,98.99,95.77,99.0
619157,4 Laning of Talcher to end of Kamakhyanagar Bypass km 8.844 - km 15.725 of NH- 149 and km 301.875 - km 335.946 of NH-53 Pkg-I,20.2961,85.8245,810.71,97.78,88.29,99.0
619158,4 Laning of Duburi Chandikhole from km 388.376 to km 428.074 Pkg-III,20.2961,85.8245,907.61,97.45,79.88,86.0
619181,Rehabilitation and Up gradation from 4 to 8 laning of Chandikhole Paradip Section of NH-53 Old NH 5A from Km.60.000 to Km.76.646 Package-4,20.2961,85.8245,1009.92,56.62,19.47,36.02
619213,6L of Hatibena - Badakumari Section from Km 146.50 to km 179.00 of NH-130-CD Package OD-2,20.2961,85.8245,1070.63,99.94,68.52,99.99
619215,Cuttack-Angul Section of NH-42 New NH-55 from Km.60.200 to Km. 112.000 Pkg-II in the State of Odisha,20.2961,85.8245,1168.82,98.97,92.73,99.66
618010,Development to 4-lane with paved shoulder for the road section Talwandi Sabo- Raman road to refinery Road junction with Bathinda Dabwali Road of NH-254 from existing Km 131.600 to Km 155.650 Design Km 131600 to km 155600 in the State of,30.901,75.8573,546.67,83.06,0.0,45.0
618024,Up-gradation to two lane with paved shoulder configuration of NH-354 Section Arifkes- Ferozepur-Muktsar-Malaut from Km 201.500 to Km 212.500 & Km 229.690 to Km 269.960 and strengthening of existing pavement from Km 212.500 to Km 229.690 excluding Km 218.500 to 223.690 of NH-354 on EPC Mode in the State of Punjab. Job,30.901,75.8573,263.19,97.0,0.0,83.0
618489,Delhi-Amritsar-Katra Expressway Phase-I Pkg-IX from Junction with Ludhiana-Moga road NH-5 near Mullanpur Dakha to Junction with Jalandhar - Moga road NH-703 near Kang Sahibu village Km 260860 to km 303900,30.901,75.8573,2407.14,87.5,80.42,73.35
618492,Delhi-Amritsar-Katra Expressway Phase-I Pkg-XII from Junction with Amritsar-Mehta- SriHargobindpur-Tanda road NH-503A near SriHargobindpur to Junction with Pathankot-Gurdaspur road NH-54 near Gurdaspur Km 362420 to km 397700,30.901,75.8573,1538.47,64.12,50.74,27.6
618493,Delhi-Amritsar-Katra Expressway Phase-I Spur-I from Jn. with Kapurthala - Sultanpur Lodhi Road NH-703A near Isharwal village to Jn. with Kapurthala - Tarn Taran road NH-703AA near Goinwal Sahib [Km 24000 to Km 41000 of Amritsar connectivity],30.901,75.8573,1519.6,67.76,40.68,34.79
618551,Greenfield connectivity from Govindsar village on Delhi Amritsar Katra Expressway to Talwara village on NH-44 Pathankot by-pass,30.901,75.8573,690.47,54.11,31.5,29.01
618552,Development of 6L Greenfield Jalandhar Bypass starting from Kahlwan NH-03 ending at Kang Sahbu NH-703 via Sarmastpur NH-44 - Madara NH-03 - Khajurla NH-44,30.901,75.8573,2167.39,81.08,57.77,56.7
618610,6L of Jodhpur Romana Bathinda - Mandi Dabwali Punjab Haryana Border section of NH-54 from km. 0.000 to km. 27.400 of NH-54,30.901,75.8573,1318.91,99.91,54.53,99.0
618617,6L Amritsar-Bathinda Greenfield section from village Tiba on NE-5A to Jn. with Moga Jalandhar road NH-703 near Dharamkot from km 0.000 to km 39.000 of NH-754A Pkg-1,30.901,75.8573,1549.32,73.71,65.51,72.41
618618,6L Amritsar-Bathinda Greenfield section from Jn. with Bhagta Bhai Ka-Bhadaur Road near Dyalpura Bhai Ka to Jn. with Mandi Dabwali Bathinda Road on NH-54 near Sangat Kalan from km 93.000 to km 154.866 of NH-754A Pkg-3,30.901,75.8573,2677.23,70.22,53.87,74.0
618647,6L Access Controlled Ludhiana-Bathinda Greenfield highway from Jn. with Amritsar- Bathanda Greenfield Road NH-754A near Rampura Phul to Jn. with Moga-Barnala Road NH-703 near village Tallewal from Km 0.0 to Km 30.3 of NH-754AD Pkg-1,30.901,75.8573,1020.52,94.49,67.4,81.5
618648,"Development of 6-lane Greenfield Southern Ludhiana Bypass from intersection with NH-44 near Village Rajgarh to intersection with Delhi Katra Expressway NE-5 near Village Ballowal, km 0000 to km 25240",30.901,75.8573,1424.55,20.79,11.4,5.79
618764,Moga - Bagha Purana - Bajakhana from km. 0.00 to km. 43.32,30.901,75.8573,1264.17,91.58,63.26,76.0
618776,4L of Greenfield section from Sirhind to Mohali,30.901,75.8573,1301.15,97.37,106.95,98.66
618785,4/6L Greenfield LudhianaRupnagar highway from Jn. with NE-5 village near to ManewalLudhiana to Jn. with NH-205 near Bheora Village Rupnagar from Km 66.0 to Km 91.0 i/c spur to Kharar from Km 0.0 to Km 19.5 with Ludhiana bypass of NH-205K,30.901,75.8573,1815.13,91.21,64.05,80.25
618786,4L of Phagwara - Hoshiarpur,30.901,75.8573,1503.79,60.68,36.99,20.03
618793,4L of Fazilka to Abohar section of NH-07 including construction of Greenfield Abohar & Fazilka Bypasses,30.901,75.8573,1674.04,69.93,54.59,67.0
618794,Amritsarairport Junction - Ramdas from km. 100.835 to km. 139.813 Pkg - IV,30.901,75.8573,416.58,98.05,94.93,96.0
618795,Amritsar Bypass Pkg III from km. 71.496 to km. 105.158,30.901,75.8573,1228.42,92.23,99.53,82.88
618809,4L of Beas-Mehta-Batala-Dera Baba Nanak from intersection with Jalandhar-Amritsar Highway NH-3 near Beas till start of Batala Bypass near Village Acchhal from Km. 0.000 to Km. 31.300 Pkg-1,30.901,75.8573,966.99,80.84,69.38,68.2
618810,4L of existing Beas Baba Bakala - Dera Baba Nanak Section from start of Batala Bypass till intersection with Ajnala Gurdaspur Highway NH 354 near Dera Baba Nanak from Km. 31.300 to Km. 69.100 with Additional batala Bypass Pkg-II,30.901,75.8573,993.6,84.44,80.6,80.9
618906,4L of Amritsar-Ghoman - Tanda - Una Section from Km 8.270 to Km 54.000 of NH- 503A Package-I,30.901,75.8573,1443.47,87.72,53.55,68.9
619099,6L Amritsar-Bathinda Greenfield section from Jn. with Moga Jalandhar road NH-703 near Dharamkot to Jn. with Bhagta Bhai Ka-Bhadaur Road near Dyalpura Bhai Ka from km 39.000 to km 93.000 of NH-754A Pkg-2,30.901,75.8573,2172.71,72.15,58.38,66.53
619105,6L Access Controlled Ludhiana-Bathinda Greenfield highway from Jn. with Moga- Barnala Road NH-703 near village Tallewal to Jn. with Delhi-Katra Expressway NE-5 near Ludhiana village Ballowal from Km 30.300 to Km 75.543 of NH-754AD Pkg-2,30.901,75.8573,1564.66,45.62,45.47,25.55
619200,Delhi-Amritsar-Katra Expressway Phase-I Spur-III from Junction with Amritsar- Jalandhar road NH-3 near Bhishambarpura to Junction with Amritsar-Anjala road NH- 354 near Amritsar Airport [Km 71000 to Km 99000 of Amritsar connectivity],30.901,75.8573,1951.7,76.21,69.9,33.85
619318,4/6L Greenfield Ludhiana Rupnagar highway from Jn. with NE-5 village near to ManewalLudhiana to Jn. with NH-205 near Bheora Village Rupnagar from Km. 0.00 to Km. 37.7 including spur to Kharar with Ludhiana bypass of NH-205K Pkg-1,30.901,75.8573,1382.48,73.27,38.58,15.31
617901,Widening of Pachpadra-Bagundi Section to 4 Lane from Km 73/60 to 95/70 of NH-25 on EPC mode in the state of Rajasthan.,26.9124,75.7873,194.88,100.0,28.37,98.58
618011,Construction of 2 lane with paved shoulder for the work of Development of remaining sections of NH-325 Balotra to sanderao via Jalore to 2 lane with paved shoulder configuration by Construction of Byasses for town portions1 Asotra- Brahmdham bypass 2Siwana Bypass 3 Mokalsar Bypass 4 Major realignment at Kathadi 5 Major,26.9124,75.7873,411.44,96.16,20.83,92.77
618069,Upgradation to Two-lane with paved shoulder of Hanumangarh to Kenchiyan section from Km 0.000existing chainage-Km 23.200 to Km 49.605existing chainage-Km 74.645 of NH-54 in the State of Rajasthan on EPC mode.,26.9124,75.7873,334.64,91.51,0.0,72.0
618092,Up-gradation to 2 lane with paved shoulder from Neechli Oden Nathdwara at Design Km 88.800 existing km 55.95 to Bhatewar at Design Km 142.028 existing km 0.00 of NH-162E in the State of Rajasthan on EPC mode.,26.9124,75.7873,606.61,91.51,50.22,63.52
618117,Upgradation to 2-Lane with Paved Shoulder from Design Km 36300 to Design Chainage 47918 and from Design Ch 69900 to Design Ch 83940 of NH-248A Natni Ka Bara in the State of Rajasthan on EPC Mode.,26.9124,75.7873,154.89,99.84,9.77,23.0
618200,Construction of 2 lane with Paved Shoulder for Northern Bypass Phase-II of Kota city in the State of Rajasthan.,26.9124,75.7873,317.74,91.75,1.93,50.33
618235,Balance work of Rehabilitation and Up-gradation to 4-Lane configuration of Ras- Beawar Section Km 00.000 to km 30.050 of NH-158 in the State of Rajasthan under Green National Highway Corridor Project GNHCP.,26.9124,75.7873,278.1,77.55,35.65,56.2
618457,Delhi-Vadodara Greenfield Alignment NH-148N Pkg-10 Ch. 292.950 to Ch. 319.400 [End of Interchange on NH-166 near village Mui to Hardeoganj village near Indergarh],26.9124,75.7873,1265.16,98.36,90.91,95.25
618458,Delhi-Vadodara Greenfield Alignment NH-148N Pkg-15 Ch. 419.000 to Ch.427.300 [Junction with NH-12 near village Ummedpura to Major bridge over Takli river near Nayagaon Jageer village],26.9124,75.7873,1854.68,99.95,82.54,98.28
618611,Sangariya near Chautala-Rasisar near Bikaner section of NH-754K Phase-I AJ/SR- Package-7,26.9124,75.7873,548.42,99.95,82.16,100.0
618612,Deogarh near Dhandhaniya-Rajasthan/Gujarat Border Phase-I AJ/DRGB-Package-6,26.9124,75.7873,740.62,99.95,95.26,100.0
618613,Deogarh near Dhandhaniya-Rajasthan/Gujarat Border Phase-I AJ/DRGB-Package-7,26.9124,75.7873,597.77,99.95,93.97,99.2
618757,6L access controlled Highway from Km 40080 to Km 86513 Mator to Barodameo Section,26.9124,75.7873,1565.88,74.3,45.23,37.27
618758,6L accesscontrolled highway from km 0000 to km 40080 Paniyala to Mator Section of Paniyala-Barodameo ICR,26.9124,75.7873,1239.24,99.86,46.11,42.75
618796,Tanot -Ramgarh-Bhadasar-Jaisalmer NH-68 and BhadasarMokal-Sarkaritala up to Pakisthan Border NH-968 Pkg-BM/5,26.9124,75.7873,830.37,99.96,91.03,100.0
618797,"Widening Strengthening of 2-Lane with Paved Shoulder from MyajlarJaisalmer from Design Chainage 0000 to 98350 Section of NH-11 & SundraMyajlarAmbasingh ki Dhani Road from Design Chainage 46000 to 81601, part of MunabaoTanot Road Section of NH-70 along with Strengthening/Widening of Existing Connection of NH-70",26.9124,75.7873,927.02,33.15,10.15,21.22
618838,4L of Karwar Km. 281.980 of NH-62 Nagaur road to Dangiyavas of Jodhpur Ring Road Pkg-II,26.9124,75.7873,512.77,99.93,90.49,100.0
618853,Construction of Four lane Elevated Structure at Raniwada Circle in Sanchore City on NH-68,26.9124,75.7873,241.34,89.1,79.92,89.37
619251,Construction of two lane with paved shoulder of Ghatol Bypass from km 133.250 to km 140.950 of NH-56 old NH No. 113 on EPC mode in the State of Rajasthan.,26.9124,75.7873,170.49,27.69,0.0,17.0
619270,"Upgradation of 6 laned Jaipur- Kishangarh section of NH-48 from km 274100 to 363885 involving construction of flyovers and Service road in Rajasthan On Engineering, Procurement & Construction EPC Mode",26.9124,75.7873,910.91,0.0,0.0,0.0
619271,Construction of Elevated Corridor at Kherwara Town on Udaipur Ratanpur Shamlaji Section of NH-48 in Udaipur District in the State of Rajasthan on EPC mode,26.9124,75.7873,363.89,3.28,0.1,0.0
618071,Construction of two lane with paved shoulder Gangtok Bypass Road from Ranipool to Burtuk Ch 0.00 Km to 23.316 L23.316 Km in the State of Sikkim,27.3389,88.6065,342.89,92.66,59.31,92.0
618426,Construction/Up gradation of Existing road to 2 Lane with Paved Shoulder including Geometric Improvement from Ranipool to Pakyong Balance work from Km 2.000 to 16.167 of NH-717-A on EPC basis under SARDP-NE Phase A in the State of Sikkim,27.3389,88.6065,380.94,91.4,33.43,87.03
618428,Realignment of NH-717A from Design Ch.0.00 Km 77.800 of NH-10 to Design Ch.2.00 Km 3.100 of NH-717A with two lane paved shoulder including Major Bridge of 680 m in the State of Sikkim on EPC Mode-COS work,27.3389,88.6065,380.94,100.0,18.56,100.0
618446,Construction & Upgradation of existing road to 2-lane with paved shoulder from New Rolep Bridge at km 37.600 to Chochenpheri at km 52.00 in the section of Rongli to Chochenpheri of NH 717B Pkg-II C,27.3389,88.6065,478.79,98.36,82.54,79.13
618447,Construction of 2-Laning with Paved Shoulder of New Greenfield Alignment From Helipad near Menla at Km 82000 to Menla at Km 94030 of Rhenock-Menla Spur NH- 717B Package-IIIB on EPC Basis under SARDP-NE Phase 'A' in the State of Sikkim.,27.3389,88.6065,379.3,87.98,63.74,82.64
618448,Construction of 2-Laning with Paved Shoulder of New Greenfield Alignment From Chochenpheri at Km 52000 to Helipad near Menla at Km 82000 of Rhenock-Menla Spur NH-717B Package-IIIA on EPC Basis under SARDP-NE Phase 'A' in the State of,27.3389,88.6065,786.6,88.3,60.38,64.31
618449,Construction & Upgradation of existing road to 2-lane with paved shoulder from km27.200 End of Rongli bypass to km37.600New Rolep Bridge of Rhenok-Menla spur NH-717B on EPC Mode under SARDP-NE Phase-A in Sikkim Pkg-II B,27.3389,88.6065,244.91,98.52,101.96,86.19
618450,Rehabilitation & Upgradation of existing road to 2-lane with paved shoulder including geometric improvement of section from start of Rabangla km33.600 to km58.840 under SARDP-NE Phase A Pkg- IV,27.3389,88.6065,292.8,94.54,86.62,65.15
617962,"Construction of Bypass to Madurai Achambathu Viratipathu in between km 6/850 10/382 of NH 49 Extn New NH 85 including Land Acquisition on Engineering, Procurement & Construction EPC basis Contract under NH O Annual Plan 2021-22 in",13.0827,80.2707,260.07,99.86,48.66,94.0
618478,Bangalore Chennai Expressway Phase-III Package II Walajahpet to Arakkonam from Km 180.000 to Km 204.500,13.0827,80.2707,1106.65,99.93,53.59,93.04
618479,Bangalore Chennai Expressway Phase-III Package III Arakkonam to Kancheepuram from Km 204.500 to Km 230.000,13.0827,80.2707,1525.1,74.95,23.67,53.56
618480,Construction of Trumpet Interchange Connecting Bangalore Chennai Expressway km.261705 to km. 262800 with Maduravoyal to Walajapet Section of NH 48 near Sriperumbudur Toll Plaza at km. 35700,13.0827,80.2707,162.56,93.63,33.82,38.52
618481,4L Bangalore-Chennai Expressway from Km. 230.000 to Km. 261.705 of Kanchepuram to Sriperumbudur Section Phase-III/Package-IV,13.0827,80.2707,3605.73,96.01,27.38,89.97
618521,Karaipettai to Walajapet from Km 71.015 to 107.091,13.0827,80.2707,766.51,99.96,80.07,93.55
618522,Balance Works for six laning of Sriperumbudur to karaipettai section of NH-4 New NH- 48 from 37000 Existing Km 37000 to Km 71015 Existing Km 71000 in Tamilnadu on EPC mode underNHDP Phase-V,13.0827,80.2707,411.16,73.0,32.75,38.26
618561,Improving the Alignment of Thoppur Ghat Section from Km 158.500 to Km 165.100 in Dharmapuri - Salem Section of NH-44,13.0827,80.2707,731.09,47.17,28.91,47.84
618563,4L of Madurai Ring Road Phase 1 [Vadipatti-Thamrapatti] from km 0.00 - km 29.960,13.0827,80.2707,900.05,99.96,100.39,99.42
618608,4L of left-over works including additional structures from Kerala/Tamil Nadu border to Kanyakumari Section from Km 43.0 to Km 96.174 of NH66,13.0827,80.2707,1263.42,89.9,77.58,81.85
618635,6L of Pondavakkam to Kannigaipair from km 96.040 to km 116.100 of NH 716B Pkg- IV,13.0827,80.2707,1359.81,72.81,30.1,44.53
618744,4L of Thirumangalam to Vadugapatti section from km 0.000 to km 36.000 of NH-744,13.0827,80.2707,791.6,99.92,86.6,95.95
618756,Melur - Pilayarpatti - Karaikudi from km 99.920 of NH 38 to km 12.9 of NH 383 Ext.,13.0827,80.2707,1085.41,99.96,88.12,98.12
618800,Construction of New Double Tier 4L Elevated Corridor from Chennai Port to Maduravoyal in Chennai District from km -0.342 to Km 20.593 and Package II from Km 4.604 to Km 9.700,13.0827,80.2707,1616.97,51.52,15.49,18.13
618801,Construction of New Double Tier 4-lane Elevated Corridor from Chennai Port to Maduravoyal in Chennai District from Km -0342 to Km 20223 Package 1 from Km - 0342 to Km 4604,13.0827,80.2707,1388.59,51.52,19.82,22.8
618846,Poondiyankuppam Km.67.000 to Sattanathapuram Km.123.800,13.0827,80.2707,2319.35,98.12,52.18,99.8
618894,4L of Madathukulam - Pollachi from km. 74.38 to km. 116.95 of old NH-209 New NH- 83,13.0827,80.2707,1772.13,98.48,59.97,97.65
618895,Kamalapuram to Oddanchatram from km. 0.00 to km. 35.822,13.0827,80.2707,1319.42,98.45,49.25,93.6
618898,Balance Works for Four laning of Vikravandi to Sethiyathope section from Km 0.0 to Km 65.96 of NH-45C in Tamil Nadu under NHDP Phase-IV on EPC mode,13.0827,80.2707,834.46,58.22,31.65,37.62
618899,Kallagam km.38.700 to Meensurutti Km.98.433 of NH-227 in Tamil Nadu,13.0827,80.2707,1499.12,99.96,74.17,100.0
619045,Construction of New Double Tier 4L Elevated Corridor from Chennai Port to Maduravoyal in Chennai District from km -0.342 to Km 20.593 and Package IV from Km 14.185 to Km 20.593,13.0827,80.2707,1210.21,51.52,7.28,8.58
619074,6-laning of Krishnagiri Km.0.000 to Walajahpet Km.148.300 section on NH-46 under NHDP-V,13.0827,80.2707,781.74,99.98,90.54,99.99
619086,Chengapalli km 102.035 to Neelambur Km144.680 and Madukkarai Km 170.880 to Walayar K183.010 Package No. NS-2/BOT/TN-08,13.0827,80.2707,285.55,98.94,2.54,100.0
619094,Thorapalli - Agraharam - Jittandahalli Section from km 23.350 to km 60.100 [Hosur to Dhamrapuri Pkg-2],13.0827,80.2707,1272.11,93.26,65.08,77.57
619129,Mahabalipuram - Pondicherry Pkg-I [Mamallapuram to Mugaiyur],13.0827,80.2707,1477.94,90.97,61.22,58.65
619130,Mahabalipuram - Pondicherry Pkg-II [Mugaiyur to Marakkanam],13.0827,80.2707,1463.75,82.04,54.97,53.41
619131,Four Laning of Chettikulam to Natham section of NH-785,13.0827,80.2707,823.93,100.0,77.91,99.75
619139,Construction of New Double Tier 4L Elevated Corridor from Chennai Port to Maduravoyal in Chennai District from km -0.342 to Km 20.593 and Package III from Km 9.700 to Km 14.185,13.0827,80.2707,1299.36,51.52,14.88,17.24
619156,4 Laning of Paramakudi to Ramanathapuram Section of NH-87 Old NH-49,13.0827,80.2707,1853.16,12.45,9.15,0.0
619161,Access Controlled Highway of 4 Lane with Paved Shoulders from Tiruvallur Design Chainage Km 1756 to TN/AP Broder Design Chainage Km 6151 of NH-716 Chennai- Tirupati Package-1,13.0827,80.2707,1247.7,74.02,14.57,46.31
619222,"Balance works of four lane from km 43.950 Thiruvallur Bypass to km 61.470 Veppampattu Bypass passing through Thannerkulam, Thozur and Sevapet Bypass 17.520 kms of Tirupathi- Tiruttani- Chennai section of NH 205",13.0827,80.2707,699.68,99.93,85.05,97.92
617913,6-laning of km 9.900 to km 19/948 Aramgarh to Shamshabad Section of Hyderabad- Bangalore section of NH-44 Under NHO EPC basis in the state of Telangana,17.385,78.4867,300.7,100.0,159.76,92.62
617936,Widening to two/four lane with paved shoulder from Km.180.600 to Km.223.000 of NH-63 on Nizamabad-Jagadalpur road on EPC mode under NHO in the state of Telangana.,17.385,78.4867,183.26,100.0,0.0,100.0
617939,6-Laning of Pune-Hyderabad Section of NH-65 from Km 493/0 to Km 524/0 from Sangareddy X Roads to Madinaguda in the State of Telangana,17.385,78.4867,1297.75,99.87,0.0,45.85
617940,"Rehabilitation and Upgradation of LB-Nagar to Malkapur section to 6-Lane main carriageway with service roads, drains cum footpath, including VUPs and widening of Minor bridge & road safety provisions from Km. 15/00 to Km 40/00 of NH-65 Old NH-9",17.385,78.4867,545.11,92.38,53.27,83.47
617980,Construction of six lane elevated corridor from km 7.950 Uppal to km 14.200 of NH- 163 to De-Congest the urban limits of Hyderabad-Bhoopalapatnam section on EPC mode in the state of Telangana,17.385,78.4867,626.76,85.81,3.89,54.26
617983,Widening & Strengthening of Existing 2LPS to 4 lane PS from Km 150000 to Km 159000 and Km 165400 to Km 186000 of NH-163 old NH-202 under NH O for the year 2020-21 on EPC Mode in the state of Telangana.,17.385,78.4867,300.56,99.93,63.5,91.0
617994,Rehabilitation and upgradation of NH-167 from design km 113.900 to 154.479 Mallepally Haliya section to two lane with paved shoulders on EPC mode in the stte of Telangana,17.385,78.4867,257.61,100.0,96.75,88.22
617995,Widening to Two Lane with Paved Shoulders from Km 67.000 to Km 114.425 of Kalwakurthy- Mallapally Section of NH 167 Erstwhile section of SH 18 in the State of Telangana on EPC mode under NH O Annual Plan 2016-17,17.385,78.4867,300.0,96.49,58.37,99.2
618001,"Construction of 4-lane flyover at Amberpet-X road, Hyderabad on NH-202 in the State of Telangana",17.385,78.4867,265.88,100.0,64.75,92.1
618025,Rehabiitation and upgradation from km 121/000 to 154/000 Nakrekal to Mallampally section of NH-365 to 2 lane with paved shoulders in the state of Telangana in the EPC mode,17.385,78.4867,192.67,98.94,73.61,96.0
618091,Widening to two lane with paved shoulders from Km 0/000 to Km 45/946 of Nizampet- Narayankhed-bidar section of NH-161B in the state of Telangana under Annual Plan 2021-22 on EPC mode under NHO,17.385,78.4867,512.98,81.05,29.73,46.0
618104,Widening to two lane with paved shoulders from Km 0/000 to Km 79/300 of Kalwakurthy - Kollapur section of NH-167K in the state of Telangana under annual plan 2021-22 on EPC mode under NHO.,17.385,78.4867,886.69,99.91,69.95,90.05
618105,Widening and strengthening to 4 lane / 2-lane with paved shoulders of Mahabubnagar - Chincholi section from km 60/255 to Km 102/834 of NH-167N in the State of Telangana on EPC mode.,17.385,78.4867,631.49,91.75,19.85,46.63
618106,Widening and Strengthening to 2/4 lane with paved shoulders of Mahabubnagar Chincholi section from Km 0/0 to Km 60/255 of NH-167N in the state of Telangana under Annual plan 2021-22 on EPC modepackage-I under NHO Job No.167N-TS-,17.385,78.4867,703.68,,43.29,90.69
618130,Widening to 2 lane with paved shoulders from 0.00 to 32.970 ofAdilabadto Bela section of NH 353B in the State of Telangana,17.385,78.4867,490.92,86.97,30.51,79.07
618140,Widening to two/four lane with paved shoulders from Km.34.250 to Km.71.830 of NH- 365A on Kodad-Khammam-Kurvi road.,17.385,78.4867,445.76,77.97,4.11,13.33
618141,Widening and Improvement of existing carriage way to 2 lane with paved shoulders from Km. 86/160 to 131/730 of Jangaon-Duddeda section of NH-365B in the State of Telangana on EPC Mode,17.385,78.4867,423.48,91.58,43.65,77.85
618182,Widening to Two lane with paved shoulders from 106/830 to 158/496 of Yellareddy- Rudrur Section of NH-765D in the state of Telangana on EPC mode under NHO under Annual plan 2022-23,17.385,78.4867,499.88,73.5,41.43,68.9
618183,Widening to 2 lane with paved shoulders from Km 62/920 to km 106/830 of Medak - Yellareddy section in the State of Telangana under Annual Plan 2022-23 on EPC mode under NHO,17.385,78.4867,399.01,99.86,36.6,70.6
618186,"Rehabilitation and Up-gradation of Valigonda to Thorrur Section to Two Lane with Paved Shoulders from Km 39.180 to Km 108.300 of NH-930P in the State of Telangana on Engineering, Procurement and Construction EPC Basis",17.385,78.4867,549.28,97.66,59.31,94.97
618190,Widening to two lane with paved shoulders of 'Bodhan Basar Bhainsa ' section from Km 38/900 to 95/300 of NH-161BB in the state of Telangana under Annual Plan 2021- 22 on EPC Mode under NH O.,17.385,78.4867,644.45,99.92,62.61,98.6
618196,Widening to 2 lane with Paved Shoulders of Siddipet-Elkathurthy section from Km 69/978 to km 133/619 of NH-765DG in the State of Telangana under Annual plan 2021-22 on EPC mode,17.385,78.4867,578.85,91.58,0.0,85.0
618197,Widening to 2 lane with Paved Shoulders of Medak - Siddipet section from Km 0/0 to km 69/978 of NH-765DG in the State of Telangana under Annual plan 2021-22 on EPC mode,17.385,78.4867,882.18,91.4,43.5,74.06
618746,Khammam-Devarapalle Pkg I [4L Access Controlled Greenfield from Thallampadu village to Somavaram village Design Chainage 0000 to 33604],17.385,78.4867,1337.18,95.76,51.2,97.26
618765,4L of Karimnagar-Warangal section from km 49.500 to km 117.820 of NH-563,17.385,78.4867,2486.51,99.91,51.18,92.4
618811,4L Access Controlled Greenfield Highway Section Mancherial Warangal from Pangidipalle village at Design Ch. 72.350 Km to Oorugonda village at Design Ch. 112.240 KmPackage-III,17.385,78.4867,1170.64,36.86,17.91,5.63
618812,4L Access Controlled Greenfield Section Mancherial Warangal from Puttapaka village at Design Ch. 35.300 Km to Pangidipalle village at Design Ch. 72.350 KmPackage-II,17.385,78.4867,1145.41,46.55,18.37,9.04
618813,4L Access Controlled Greenfield Section Mancherial Warangal from Narva village at Design Ch. 3.834 Km to Puttapaka village at Design Ch. 35.300 Km Package-I,17.385,78.4867,1104.27,58.7,14.64,11.28
618814,4L Access Controlled Greenfield Highway section on NH163G Warangal-Khammam from Oorugonda village in Hanamkonda District at Design Ch. 112.240 Km to Venkatpur village in Warangal District at Design Ch. 150.240 KmPackage-I,17.385,78.4867,1140.82,39.91,14.04,0.5
618815,4L Access Controlled Greenfield Highway section on NH-163G Warangal-Khammam from Venkatpur village in Warangal District at Design Ch. 150.240 Km to Thallasenkesa village in Mahabubabed District at Design Ch. 189.650 kmPackage-II,17.385,78.4867,1083.11,79.98,37.72,77.65
618816,4L Access Controlled Greenfield Highway section on NH-163G Warangal-Khammam from Thallasenkesa village at Design Ch. 189.650 km to V.Vekatayapalem village in Khammam District at Design Ch. 220.480 KmPackage-III,17.385,78.4867,1098.05,54.11,15.33,10.11
618817,4L Access Controlled Greenfield Highway section on NH-163G Khammam Vijayawada from V. Venkatayapalem village at Design Ch. 220.480 Km to BrahmanapalliK village at Design Ch. 250.400 Km Package-I.,17.385,78.4867,1021.96,62.9,26.52,45.89
618944,Hyderabad - Maneguda,17.385,78.4867,1218.49,69.92,35.41,24.2
618945,4L of Kodad Design Km 0.00/Existing Km 185.00 of NH-65 to Khammam Design Km 31.800/Existing Km 29.400 of NH-365A,17.385,78.4867,1606.99,99.94,54.24,99.98
619009,Upgradation to Two Lane with Paved Shoulders from Km 0.000 to Km 41.920 Green Field Alignment of Gowrelly to Valigonda Section of NH-930P in the State of Telangana on EPC Mode under Annual Plan 2022-23,17.385,78.4867,690.33,13.58,0.0,0.0
619128,Khammam-Devarapalle Pkg II [4L Access Controlled Greenfield from Somavaram village to Chintagudem village Design Chainage 33604 to 63117],17.385,78.4867,981.64,99.93,53.39,98.02
619165,Thanamcherla-Jamandlapally 2LPS,17.385,78.4867,18.65,97.36,44.5,100.0
619193,Rehabilitation and upgradation of NH-221 from km 121/0 to 165/0 Rudrampur to Bhadrachalam section to two lane with paved shoulder under NHDPIV in the state of Telangana through EPC mode,17.385,78.4867,334.82,99.98,112.04,82.76
619253,Construction of 4 lane Bypass to Nalgonda Town lrorn Km 000 Existing Ch. 181590 to Km 14.00 Existing Ch. 28/685 ol Nakrekal to Nagarjunsagar Section of NH -565 in the State of Telangara on EPC under Annual Plan 2024 -25,17.385,78.4867,516.17,41.51,0.0,55.62
619265,Rehabilitation & Upgradation of Thorrur to Nehru Nagar section to Two Lane with Paved shoulders from Km 109/420 to Km 178/500 of NH 930P in the state of Telangana on EPC mode under Annual Plan 2022-2023,17.385,78.4867,675.45,4.1,0.0,0.0
618307,Rehabilitation and up-gradation of road from km 16.077 to km 43.935 total length 27.858 km of Lalchara-Kanchanpur section via Shivbari on NH-44A to 2 lane with paved shoulder in the state of Tripura on EPC Mode Pkg-2 under BharatMala,23.8315,91.2868,456.88,100.0,45.02,54.56
618350,Improvement & widening of existing NH-08 to 4-lane with Paved Shoulder from Champak Nagar to Khayerpur section design Km 242500 to Km 261610 in the state of Tripura on EPC basis under NHO-NE,23.8315,91.2868,920.66,76.62,43.95,48.3
618367,Improvement and Widening to 2-lane with paved shoulder of road from design Km 72.000 Pati Chhari to design Km 107.654 Harina Total length 35.654 Km on Teliamura to Harina section of NH 208 in the state of Tripura on EPC mode under JICA ODA,23.8315,91.2868,726.9,66.56,13.79,9.5
618368,Improvement and Widening to 2-lane with paved shoulder of road from design Km 36.000 Rangamati to design Km 72.000 Pati Chhari Total length 36.000 Km on Teliamura to Harina section of NH 208 in the state of Tripura on EPC mode under,23.8315,91.2868,670.9,71.81,27.31,14.7
618369,Improvement and Widening to 2-lane with paved shoulder of road from existing Km 438.170 Khowai Chowmuhani to existing Km 439.410 South Pulinpur of NH-08 and from design Km 0.000 South Pulinpur to design Km 36.00 near Rangamati of NH 208 on Khowai Teliamura- Harina section Total length 37.24 in the state of Tripura on,23.8315,91.2868,657.21,76.62,45.93,60.7
618370,Improvement and Widening to 2-lane with paved shoulder of road from Km 101.300 to km 127.319 Total Length 26.019 Km i.e. the Khowai Teliamura-Amarpur-Harina- Sabroom section of NH 208 in the state of Tripura on EPC under JICA ODA Loan,23.8315,91.2868,431.78,75.7,61.46,63.15
618385,Rehabilitation and up-gradation of road from design km 25.250 to km 36.460 Total lengh 11.210 km of Kailashahar-Kurti Bridge section on NH-208A to 2-lane with paved shoulder on EPC basis under NHO Package-III- Balance Work,23.8315,91.2868,174.43,100.0,38.47,53.14
618411,Melaghar-Srimantapur section on NH-08 Spur from Km 23 to Km 34.500 11.5 Km and overlay from Km 20.30 to Km 22.00 1.7 Km Total Length 13.2 Km,23.8315,91.2868,195.95,95.04,48.76,72.48
618417,"Construction of 4-Lane with paved shoulder Agartala bypass Western side, length 25.402 km connecting NH-8 near Amtali to NH-108B near Lembuchhera in the state of Tripura on EPC basis under NHO-NE",23.8315,91.2868,2026.05,80.55,22.82,9.2
617963,Rehabilitation and upgradation to four lane road from km 70.500 to km 78.600 of NH- 92 under EPC mode in the State of Uttar Pradesh,26.8467,80.9462,351.78,78.9,21.43,39.0
617964,"Widening to Four Lane rigid pavement configuration from Km 90.00 to Km 100.800 on NH-96 Km 42.0 to Km 53.300 as per new NH-330,design length of 11.300 km under EPC mode in the state of Uttar Pradesh.",26.8467,80.9462,309.63,87.26,13.54,31.09
618009,Balance work of Construction of Ring Road for Raebareli City on eastern side of NH- 24B Phase-1 on EPC mode.,26.8467,80.9462,347.8,94.54,0.0,95.0
618054,Construction of Balrampur bypass with 2L flexible pavement configuration from km.223.000 of NH-330 to km.328.300 of NH-730 under EPC mode,26.8467,80.9462,515.69,85.56,24.93,56.0
618055,Construction of Pratapgarh Bypass Extension connecting NH-31 to NH-330 on EPC mode in the State of Uttar Pradesh.,26.8467,80.9462,225.17,96.71,29.74,78.0
618056,Improvement and Up-gradation to two Lane with Paved Shoulder Configuration from existing km. 420.00 Shohrathgarh to km. 454.00 Uska Bazar of NH-730 in the state of Uttar Pradesh EPC basis,26.8467,80.9462,484.42,87.76,24.89,62.0
618057,Construction of Shohratgarh Bypass on NH-730 under EPC mode in the State of Uttar Pradesh,26.8467,80.9462,189.31,89.08,16.6,54.0
618063,Widening & Strenghteningof section from Bharthana chowk to Kodarkoot km.0.00 to km.40.00 of NH-91-A on EPC mode,26.8467,80.9462,343.77,91.03,33.56,94.0
618066,Construction of Amethi bypass Part-II at km.30.050 of NH-931 under EPC mode in the state of Uttar Pradesh,26.8467,80.9462,283.86,74.66,13.63,48.0
618067,"Rehabilitation & Up-gradation from design Km. 0.000 to Km. 69.280 of NH-931 Pratapgarh - Amethi - Gauriganj -Musafirkhana to two lane with paved shoulder on Engineering, Procurement & Construction EpC mode in the State of Uttar Pradesh",26.8467,80.9462,1086.3,37.26,2.24,9.32
618075,Construction of two lane with paved shoulder from existing Km.0.000 to Km.55.610 design km. 0.000 to km. 54.048 of NH-124D,26.8467,80.9462,773.58,81.05,27.16,77.0
618081,Construction of Mariahu Bypass with four lane paved shoulder configuration Km. 53.540 to Km.59.200 of NH-135A on EPC mode in the state of Uttar Pradesh,26.8467,80.9462,362.39,88.1,22.48,55.0
618082,Widening & Upgradation to four lane configuration from Km.34.900 Bhadohi to km.73.134 Jaunpur of NH-135A on EPC mode,26.8467,80.9462,392.03,97.71,0.0,95.0
618111,Improvement and upgradation to two lane with paved shoulder configuration from existing km 90.00 to 130.00 Design length 39.15 of NH-227A near Sikriganj to Barhalganj in the State of UP on EPC Mode.,26.8467,80.9462,345.34,99.9,41.17,96.0
618112,"Improvement and up-gradation of NH-227B 84 Kosi Parikrama Marg Package I, from km 228.920 Jagarnathpur to Km 235.960/0.000 MakhaudaDham to Km 29.000 Sarpur in the State of Uttar Pradesh on EPC basis",26.8467,80.9462,912.5,62.47,0.96,8.0
618113,"Improvement and up-gradation of NH-227B 84 Kosi Parikrama Marg Package III, from Km.47.800 Gosaiganj to Km.73.300 Bikapur in the State of Uttar Pradesh on EPC basis.",26.8467,80.9462,587.97,62.47,13.63,50.72
618114,"Improvement and up-gradation of NH-227B 84 Kosi Parikrama Marg PackageV, from Design Km.140.960 Patranga to Km.160.200 Bahuvan Madar Majha on EPC mode in the State of Uttar Pradesh",26.8467,80.9462,1192.33,19.74,0.0,4.0
618116,lmprovement and Up-gradation from Km. 73.300 Bikapur to Km.140.960 Patranga of NH-227B 84 Kosi Parikrama Marg to 2LPS along with Parikrama Path,26.8467,80.9462,1679.75,28.9,10.29,40.45
618124,Rehabilitation and upgradation from km 51.600 to km 75.700 of NH-321G Nuhkhas to Etah section to two lane with paved shoulder configuration under EPC mode in the State of Uttar Pradesh,26.8467,80.9462,343.54,90.74,25.9,73.0
618162,"Improvement and up-gradation to 2LPS of NH-227B 84-Kosi Parikrama Marg PackageVI, Design Km 160200 Bahuvan Madar Majha to Km 224040 Jagarnathpur under HAM",26.8467,80.9462,2008.7,28.9,0.0,20.0
618163,"Rehabilitation and Up-gradation from km. 0000 to km.40390 of NH-730S MaharajganjNichloulThuthibari to two lane with paved shoulders in the State of U.P. on Engineering, Procurement & Construction EPC Basis.",26.8467,80.9462,603.19,86.53,27.83,59.5
618164,Construction of four lane highway with paved shoulder from Km.74.700 to Km.112.950 of NH-731A i/c Yamuna Bridge on HAM in the state of Uttar Pradesh.,26.8467,80.9462,1157.31,99.87,0.0,100.0
618166,Construction of 4-lane green field highway from Km. 35.000 to Km. 49.155 of NH- 731A with paved shoulders on Hybrid Annuity Mode in the state of Uttar Pradesh,26.8467,80.9462,697.66,100.0,0.01,100.0
618168,Widening to four lane with paved shoulder from Design Km.49.200 to Km.89.285 of NH-731B on EPC mode in the state of Uttar Pradesh,26.8467,80.9462,965.3,85.95,13.92,56.0
618169,Construction of Two Lane with paved shoulder highway from Design Ch.0.000 to Ch.49.2OO of NH-731B on EPC Mode,26.8467,80.9462,602.76,96.91,44.93,98.0
618187,"Rehabilitation and upgradation of Salon - Jais - Jagdishpur Road section of NH-931A, from design Chainage km 0.000 to km 5.740 to four lane divided carriageway and from design Chainage km 5.740 to km 53.500 to two lane with paved Total length km 53.500 along with One time improvement in 04 no's of realigned/bypassed built-up",26.8467,80.9462,947.15,41.51,2.81,9.06
618233,Construction of 6-lane bridge on Ganga on NH-96 and its approaches in Phaphamau Allahabad on EPC mode,26.8467,80.9462,1465.41,98.43,0.03,91.0
618240,Rehabilitation and upgradation to 2-lane with paved sholuders configuration of Bewar- naer Karri village section Km0.00 to Km30.00 Pakage-I of NH-92 in state of Uttar Pradesh undergreen national Highway Corridor Project GNHCP with the loan,26.8467,80.9462,236.47,99.93,0.0,100.0
618243,Construction of Basti Ring Road Phase-I with 4L configuration for Basti City in the state of Uttar Pradesh on HAM mode,26.8467,80.9462,1138.72,58.22,0.01,36.67
618244,Construction of Raebareli Ring Road Phase-2 with four Lane configuration for Raebareli City in the state of Uttar Pradesh on Hybrid Annuity Model HAM basis,26.8467,80.9462,1273.72,62.47,0.0,55.0
618247,Construction of 4 lane Mirzapur bypass including bridge over river Ganga from km 0.000 to km 15.000 of NH 135A in the State of Uttar Pradesh on HAM Mode.,26.8467,80.9462,1708.62,19.25,0.0,7.0
618248,Widening to 4 lane from km. 139.00 to km 179.20 of NH-135A Pkg-III Jaunpur Akbarpur section and Akbarpur bypass on Hybrid Annuity Mode in the state of Uttar Pradesh.,26.8467,80.9462,1653.15,28.9,0.0,22.0
618249,Widening to 4 lane from km. 108.50 to km 139.00 of NH-135A Pkg-II Jaunpur Akbarpur section on Hybrid Annuity Mode in the state of Uttar Pradesh,26.8467,80.9462,1511.57,70.82,0.0,40.0
618252,"Improvement and Up-gradation to two Lane with Paved Shoulder/Four Lane configuration from existing Km 130.000 to Km 191.000 design km 131.500 to Km 188.735, Design length 57.235 Km of NH-227A near Barhalganj to Mehrauna Ghat in",26.8467,80.9462,1344.61,69.92,0.09,58.0
618260,"Construction of Salempur bypass to 4LPS from km 64.000 of NH-727A Km 171.00 of Sonauli Balia Marg, old SH-01, near Mahadahan Chauraha to km 61.500 of NH-727B Km 178.500 of Sonauli Balia Marg, old SH-01, near near Ahirauli Village under Hybrid",26.8467,80.9462,1348.06,37.26,0.0,35.0
618262,Construction of Deoria Bypass from existing Km. 27.140 to existing Km. 46.780 Design Km. 49.109 on NH727A Design length 21.969 Km. to four lane with paved shoulder configuration under Hybrid Annuity Mode HAM in the State of Uttar Pradesh,26.8467,80.9462,1734.7,52.07,0.0,10.0
618263,"Rehabilitation and Up-gradation to 2LPS from Km. 0.000 to Km. 7.800 and Km. 35.400 to Km. 52.345 Design length 24.745 Km., except Bihar portion of NH-727B Tamkuhiraj to Bihar Border and Bihar Border to Majhauli on EPC mode in the State of",26.8467,80.9462,701.02,99.83,22.31,81.18
618264,"Widening and Strengthening to two Lane with Paved Shoulder/Four Lane with paved shoulder configuration from km. 61.500 of NH-727B near Nawalpur km 178.500 of Sonauli Balia Marg, Old SH-01 i.e. end point of Salempur Bypass to km. 106.495 of",26.8467,80.9462,2061.86,27.44,10.78,41.0
618265,Rehabilitation and upgradation to 2-lane with paved sholuders configuration of Miranpur Katra to radhaita section of NH-730CKm.114.000 to Km 137.250pakage-III in state of Uttar Pradesh undergreen national Highway Corridor ProjectGNHCP with,26.8467,80.9462,169.56,92.38,0.08,92.0
618266,Rehabilitation and upgradation to 2-lane with paved sholuders configuration of Bewar- Allahaganj- section of NH-730C Km.0.000 to Km 52.770 pakage-I in state of Uttar Pradesh undergreen national Highway Corridor Project GNHCP with the loan,26.8467,80.9462,340.16,97.71,0.0,99.0
618267,Widening/Upgradation to four lane configuration of Shahjahanpur-Bisalpur section from km 0.00 to km 47.026 of NH-731K on Hybrid Annuity Mode in the state of Uttar Pradesh.,26.8467,80.9462,1590.2,12.45,0.0,0.0
618499,6L Elevated Kanpur - Lucknow Exeressway Pkg-1 from Km. 10980 to Km. 28500,26.8467,80.9462,1943.27,99.92,39.67,100.0
618500,Construction of 4L Connector from Delhi Meerut Expressway Km 50.000 of Pkg IV to Km 8.520 of NH-235 Pkg-5,26.8467,80.9462,1116.19,99.94,40.76,78.0
618529,Varanasi Ring Road Pkg-II connecting Sandaha Village km 11.70 / NH-29 with Revasa Village km 818.80 / NH-2,26.8467,80.9462,1832.66,97.78,95.56,96.86
618536,Construction of Ring Road around Kanpur from Ch.68.650 to Ch.93.209 Jarkala to Pakari Package-IV in State of Uttar Pradesh.,26.8467,80.9462,1192.16,66.56,22.34,39.2
618537,Construction of Ring Road around Kanpur from Km.000 to Km. 23.325 Chachendi Sachendi I to Maharajpur Package-I,26.8467,80.9462,1311.7,84.02,36.56,62.15
618538,Construction of Ring Road around kanpur from Ch.51.200 to Ch. 68.650 Badarka to Harbanch-Uchti Pkg-III,26.8467,80.9462,1126.75,63.23,25.28,34.8
618539,Construction of Ring Road Kanpur from Ch. 32.090 to Ch.51.200 Transganaga to Sathara Package-II B,26.8467,80.9462,1106.92,56.56,4.9,20.4
618540,Construction of Ring Road around Kanpur from Ch.23.325 to Ch.32.090 Chaudhariya to Transganga Package-IIA,26.8467,80.9462,977.45,30.84,25.8,49.85
618554,Construction of left out portion of Agra Inner Ring Road connecting village Deori to NH-44 village Bad from Km. 0.000 to Km. 7.772,26.8467,80.9462,787.58,99.92,79.88,94.0
618566,4L Green Field Northern East side Gorakhpur Bypass 26.616 Kms starting from NH- 29E Chainage 83.308 and end at NH-28 Chainage 285.100,26.8467,80.9462,1244.44,85.95,83.21,73.78
618567,4/6L of Northern Ayodhya Bypass starting Km. 112.540 and ending Km. 139.928 north of existing NH-27 part-1 and part-2 south of NH-27 from km 0.000 to km 5.000.,26.8467,80.9462,1834.25,43.22,15.57,33.53
618568,4/6L Southern Ayodhya Bypass from Km 5.000 to Km 37.172 starting near Km. 112.540 and ending at Km. 153.281 of NH-27,26.8467,80.9462,1983.05,56.56,16.06,39.5
618669,4 -Laning of MP/UP Border to Kabarai section of NH-34&35 from km 197.000 to km 242.991 Length 45.991 Km Sagar-Kabrai Package-5 under Bharat Mala Pariyojana EC in MP & UP on HAM,26.8467,80.9462,1425.43,74.66,40.27,61.77
618690,"4 lanning of Aligarh Palwal section from km 0.00 to km 46.39 package -1 from khereshwar junction-kurana of NH33D , including khair & jattari bypass in the state of UP on HAM mode",26.8467,80.9462,1685.69,70.82,35.03,21.25
618710,DL/UP Border - EPE Crossing Pkg-02,26.8467,80.9462,1889.78,99.95,92.06,100.0
618722,6L access Controlled Greenfield Highway from Gogwan Jalalpur Shamli to Ranipur Barsi Saharanpur of Shamli -Ambala section Package-I Design Ch. Form km 00.600 to km 45.500,26.8467,80.9462,1247.55,84.79,60.86,68.2
618761,4L Spur of Meerut-Garh-Mukteshwar section connecting NH-119 and NH-58 bypassing Meerut Town of NH 709 A,26.8467,80.9462,977.73,99.92,88.57,96.98
618768,Four laning of Agra-Aligarh Section from Km. 0.000 Junction of NH-34 Aligarh Km 144.60 to Km. 28.000 near Asroi village in Hathras of NH-509 Package-I,26.8467,80.9462,1309.08,15.57,23.69,3.96
618782,4L of Bareilly-Pilibhit-Sitarganj from Km. 0.000 to Km. 32.500 of NH-30 Pkg-1,26.8467,80.9462,1394.14,80.55,44.66,64.12
618798,4L of Sonauli - Gorakhpur,26.8467,80.9462,2275.43,97.5,58.37,89.0
618842,"2L PS Greenfield bypass lalganj ajhara, mohanganj and Raniganj on Raebareli - Jaunpur Section Design km 0.00 to Km 53177 of NH-31",26.8467,80.9462,1280.68,32.79,15.58,0.0
618843,Construction of two lane with paved shoulders bypass to Mungrabadshapur town starting from near Kodahu at Km 47/225 of NH-319D and ending near Nauwadandi at Km 219/720 of NH-31 under NHO in the state of Uttar Pradesh on EPC mode,26.8467,80.9462,165.28,60.99,33.0,22.79
618848,Construction of Underpass beneath airport runway on NH-31 old NH-56 for proposed expansion of runway of Babatpur Airport Varanasi,26.8467,80.9462,649.44,45.62,0.01,22.0
618856,"Improvement and Up-Gradation of Existing Road to 4L PS from Km 123.650 to 175.080, from Start of Shahabad Bypass to End of Hardoi bypass of NH 731 Pkg-2B",26.8467,80.9462,1212.26,82.48,42.87,68.8
618858,"Improvement and Up-Gradation of Existing Road to 4L PS from Km 88.750 to 123.650, from Start of Shahjahanpur Bypass to start of Shahabad bypass of NH 731Pkg.-2A",26.8467,80.9462,955.34,81.56,38.72,70.56
618859,"Improvement and Up-Gradation of Existing Road to 4L PS from Km 229.070 to 260.800, End of Hardoi District to Lucknow Ring road of NH 731 Pkg-4",26.8467,80.9462,553.61,99.93,70.46,99.33
618866,"Four Lane Highway from Chandan Nagar Existing Km. 59.025 of NH 530B/Design Km. 179.5000 to Bareilly BypassStartExisting Km. 59.025 of NH 530B/Design Km. 218.000 Section of NH 530B, in the State of Uttar Pradesh on HAM Mode under NH0",26.8467,80.9462,1112.44,37.26,43.7,34.5
618867,4L Kasganj-Badaun Section from Km. 123.100 to Km. 179.500 Pkg-III of NH530B,26.8467,80.9462,1936.61,48.31,30.52,40.0
618868,4L from Devinagar Bypass End Existing Km. 208.000 of NH 530B/Design Km. 66.000 to Kasganj Bypass End Existing Km.150.100 of NH 530B/ Design Km. 123.100 of NH 530B,26.8467,80.9462,2223.71,86.53,46.18,77.0
618869,"Construction of 4/6 lane Highway of Southern Bareilly Bypass, starting at Ch. 237000 of NH 530 near Jhumka chauraha, Dhantiya village and ending at Ch. 267000 of NH 30 near Invertis University including Trumpet Interchange",26.8467,80.9462,1869.59,26.51,33.18,16.4
618883,Construction of Four Lane Highway form Ghazipur- Ballia-UP/Bihar State Border Greenfield section of NH-31 Package I [from Hridaipur km 0.000 to Shahapur km 42.500] on EPC Mode in the state of Uttar Pradesh.,26.8467,80.9462,1579.59,99.91,91.64,100.0
618884,Construction of Four Lane Highway from Ghazipur- Ballia-UP/Bihar State Border Greenfield section of NH-31 Package II [from Shahapur km 42.500 to Pindari km 78.150] on EPC Mode in the state of Uttar Pradesh.,26.8467,80.9462,1311.44,99.9,59.17,98.4
618885,Construction of Four Lane Highway from Ghazipur- Ballia-UP/Bihar State Border Greenfield section of NH-31 Package IV [from Buxur Spur of length km 17.270 on EPC Mode in the state of Uttar Pradesh.,26.8467,80.9462,549.02,92.55,52.11,90.57
618893,Varanasi Gorakhpur Section Packege IV from km. 149.540 to km. 215.160 Mau- Gorakhpur,26.8467,80.9462,3475.65,99.97,99.41,97.35
618911,4L Greenfield Western Side spur of Rampur-Rudrapur Section from Km 0.000 to Km 13.700 connecting NH-24 to NH-87 bypassing rampur town,26.8467,80.9462,637.83,86.52,57.96,63.79
618923,4L Behsuma at Km 39.250 Ex. Km 39240 To Bijnor at Km 78.810 Ex. Km 86590 Design Length 39.560 Km of NH-119 Pkg-II,26.8467,80.9462,2553.12,86.97,48.34,70.12
618924,2L PS of Najibabad Kotdwar section from 112.575 to Km. 138.635 of NH 119,26.8467,80.9462,99.2,93.43,51.58,55.9
618925,Bijnor-Kotawali,26.8467,80.9462,334.48,99.94,89.62,99.02
618927,4L of Moradabad-Thakurdwara-Kashipur Section from Km. 0.000 to Km. 38.77 of NH- 734 Pkg-II,26.8467,80.9462,1890.05,74.3,51.94,54.55
618929,4L of Moradabad western side spur connecting NH-734 & NH-24 from Km. 0.000 to Km. 33.200 Pkg-I,26.8467,80.9462,1843.54,89.64,61.42,83.06
618960,4 Lane Inner Ring Road around Allahabad City Pkg-2 Prayagraj Southern Bypass 43.200 - 50.860,26.8467,80.9462,1007.62,76.13,44.56,44.64
618961,4 Lane Inner Ring Road around Allahabad City Pkg-1 Prayagraj Southern Bypass 34.400 43.200,26.8467,80.9462,498.97,33.15,14.03,24.55
618968,6L access control Greenfield highway of Vill-Khyawari to Vill-Latifpur at Saharanpur Bypass from Km. 82.000 to Km. 119.790 Pkg-4,26.8467,80.9462,1439.35,99.93,96.89,99.24
618970,6L access control Greenfield highway of Vill-Lohadda to Vill-Karaunda Mahajan from Km. 27.000 to Km. 56.500 Pkg-2,26.8467,80.9462,1335.38,99.93,93.88,98.06
619162,4L of Najibabad Bypass from Km. 105.423 to Km. 118.373 excluding 2.45 Km. of NH- 74 Bypass of NH-119,26.8467,80.9462,566.9,99.93,77.78,100.0
619168,6L access controlled Greenfield highway of Junction of EPE Vill.-Mavikalan to Vill.- Lohadda from Km. 0.000 to Km. 27.000 Pkg-1,26.8467,80.9462,1497.94,99.93,95.02,99.29
619194,"Construction of Four Lane Gola Flyover at Km 99.850 of NH 730 Major Junction with State Highways -93 of Engineering, Procurement and Construction EPC mode in the State of Uttar Pradesh.",26.8467,80.9462,168.05,17.57,0.0,12.0
619308,6L access-controlled highway from Ganeshpur tonear Mohand of Ganeshpur Dehradun section from Km.0 to Km.8.3 of NH-72A Package-1,26.8467,80.9462,835.74,99.94,97.14,98.92
617888,Landslide treatment work on NH 58 from Kodiyala Km. 266.130 to Devprayag Km. 296.925 10 location under EPC mode in the State of Uttarakhand on EPC Mode,30.0668,79.0193,192.54,100.0,0.0,99.0
617889,Treatment of landslide zone from location no. 01 to 28 km 62.860 to 152.750 on NH- 12509 in the State of Uttarakhand under EPC mode in NHO Annual Plan 2022-23,30.0668,79.0193,192.22,100.0,0.0,98.5
617890,Construction of Champawat Bypass with two lane with paved shoulder configuration starting from existing chainage 121.700 to existing chainage 129.450 Design Length 9.847 of NH-125 in District-Champawat in the state of Uttrakhand on EPC mode.,30.0668,79.0193,220.89,30.19,0.0,8.5
617929,Construction of 2 lane with paved shoulder of Kund Bypass from Design Km 35.130 to Km 47.700 existing Km 33.130 to Km 41.260 of NH-109 in the State of Uttarakhand,30.0668,79.0193,247.41,96.08,46.32,73.5
617967,Construction of Rudraprayag tunnel of length 900.30 MTR including approaches and one major bridge on river Alaknanda connecting NH-107/old-109 to NH-07old-58 on EPC mode in the state of Uttarakhand.,30.0668,79.0193,251.88,100.0,43.25,99.0
617968,Construction & Widening Including Augustmuni Bypass Ch-16.545 to Ch - 19.890 to 2L/PS from Km 16.545-Km 33.130 & 45.980 -57.975 Augustmuni to Kund & Guptkashi to Sitapur on NH 109 in UK,30.0668,79.0193,418.89,100.0,101.74,95.0
617974,Rehabilitation and upgradation of 2 lane with paved shoulder from existing km. 195.175 to km. 220.000 Design Chainage km71.300 to Km. 95.947 Excluding existing chainage Km 200.300 to Km 202.400 Design chainage Km 76.400 to Km 78.400 on,30.0668,79.0193,344.73,33.19,0.0,53.74
618039,Widening to 2 Lane from Existing Chainage Km 74.700 Km 100.660 Design Chainage Km 53.365 to Km 78.785 on NH- 507 in the State of Uttarakhand.,30.0668,79.0193,346.82,33.19,0.0,31.75
618040,Rehabilitation and Upgradation to Two lanes with Paved Shoulders configuration and Strengthening from Km 175.00 to Km 196.00 Gumkhal to Satpuli of NH-119 New NH- 534 in the State of Uttarakhand under NHO Annual Plan 2021-22 under EPC mode,30.0668,79.0193,452.81,78.9,0.0,42.0
618041,Rehabilitation and upgrading to two lanes with paved shoulders and Strengthening of Kotdwar-Pauri-Srinagar road section from Km 232.00 to 274.470 on NH-119 New 534 Paidul to Srinagar in the State of Uttarakhand on EPC Mode under NHO Annual Plan,30.0668,79.0193,299.31,33.15,0.0,2.0
618119,Rehabilitation and up-gradation to 2-lane configuration of Bageshwar to Kangarchina road from km 129.600 to Km 161.600 Existing Chainage 136.00 to Km 169.00 of NH- 309Ain the State of Uttarakhand Package-IV under NHO Annual Plan 2021-22,30.0668,79.0193,472.23,79.76,0.0,67.0
618207,Widening to 2-lane with Hard Shoulder configuration of Mana Ch. 0.00 to Mana Pass Ch. 50.987 road on NH-07 under Bharatmala Pariyojna in the state of Uttarakhand under Annual Plan 2022-23 length 50.987,30.0668,79.0193,573.96,56.6,0.0,21.03
618209,Construction & up gradation of existing road to 2-Lane with paved shoulder from existing chainage km 468000 to km 489350 Design Chainage km 465150 to km 471500 of NH-07 Old NH-58 including Joshimath bypass on EPC mode in the state of,30.0668,79.0193,258.85,79.61,0.0,37.23
618210,Rehabilitation and upgradation of Askot-Lipulekh on EPC Basis for Phase-I Existing Km 72.00 to 107.620 Design Chainage Km 21330 to Km 56935 under Project Hirak of BRO in the state of Uttarakhand under Bharatmala Pariyojna Phase-I on EPC Mode,30.0668,79.0193,603.92,100.0,0.0,81.17
618211,Improvement/construction of 2-lane with paved shoulder of Askote Llipulekh road from Tawaghat village to Budhi village design km. 56935 to km 95748 and from end of Tunnel portal to Kali Mandir design km 113828 to km. 133078 [total design length 58.063 km] under project Hirak of BRO in the state of Uttarakhand under Bharatmala,30.0668,79.0193,649.6,65.53,0.0,37.19
618212,"STABILIZATION OF LAND SLIDE AND SLOPE PROTECTION AT KM 11.00 TO KM 11.08, 29,730 KM TO 30,060 KM, 30,400 KM TO 31,060 KM, 34,750 KM TO 35,300 KM, 38,950 KM TO 39,030 KM & 39,460 KM TO 39,540 KM TWO LOC CLUBBED, KM 40,400 TO KM 40,650, KM 43,500 KM 43,680, 52,460 RISHIKESH - DHARASU",30.0668,79.0193,197.26,55.39,0.0,22.0
618213,Rehabilitation and Upgradation of road Rishikesh Dharasu Old NH-94 with 2-lane with paved shoulder from km 76.000 to km 110.000 Design Chainage from km 74.733 to km 107.347 32.614 km including construction of Kamand re-alignment from existing Chainage Km 105.200 to Km 108.600 design chainage Km 103.436 to Km 105.949 - total length 2513 mtrs and land slide treatment work between design chainage Km,30.0668,79.0193,273.76,100.0,0.0,96.46
618214,Rehabilitation and upgradation to 2 lane / 2 lane with paved shoulder configuration for design chainage km 107.347 to km 129.208 & km 133.878 to km 138.570 existing chainage km 110.000 to km 133.020 & km 137.330 to km 142.028 and land slide treatment at existing km 138.500 Design chainage km 134.970 of NH -94 on EPC,30.0668,79.0193,346.5,100.0,0.0,100.0
618218,Rehabilitation & upgradation of existing road to 2-lane with hard shoulder from Joshimath km 0.00 to Saraithota km 29.725 road on NH-107B under Bharatmala Pariyojna on EPC mode in the state of Uttarakhand,30.0668,79.0193,338.38,84.79,0.0,80.0
618219,Upgradation to 2-lane with Hard shoulder configuration of Suraithota Ch. 29.725 km to Malari Ch. 60.550 km road on NH- 107B under in the state of Uttarakhand.,30.0668,79.0193,292.76,86.97,0.0,76.67
618390,"Construction, Operation & Maintenance of 2-L Bi-directional Silkyara Bend- Barkot Tunnel with escape passage including approaches Tunnel-4.531 & Approach road- 0.328 on Dharasu-Yamunotri section b/w Chainage 25.400km and 51.00km falling",30.0668,79.0193,1383.78,93.27,60.88,76.03
618391,"Construction for Mitigation Measures of 5 Nos. Landslides, 05 No. Sinking Zones and 01 No. Bridge from Ch. 450.00 to Ch. 468.00 18 Km. Length on NH-07 Package-III",30.0668,79.0193,250.33,81.03,40.32,88.12
618392,"Construction for Mitigation Measures of 5 Nos. Landslides, 5 Nos. Sinking Zones in between Ch. 433.00 to 450.00 BANERPANI VILLAGE on NH-07 on EPC mode in the state of Uttarakhand Package-2",30.0668,79.0193,259.64,79.76,0.0,68.45
618393,"Construction for Mitigation Measures of 10 Nos. Landslides, 01 No. Sinking Zones and 1 No. of Minor Bridge in between at Ch. Km 368.00 to Km 433.00 on NH-07 on EPC Mode in Uttarakhand Package-1",30.0668,79.0193,216.68,,54.38,99.97
618875,4L of Haridwar Nagina section Design Ch. LME from km 13.829 to km 17.110 & km 26.077 to km 27.508 and Design Ch. RME from km 13.839 to km 17.120 & km 26.078 to km 27.509 of EUP mitigation measures on NH74,30.0668,79.0193,142.11,92.23,84.21,70.42
619142,Construction of 4-lane connectivity to Banbasa ICP at India Nepal border from NH-09 old NH-125 Sitarganj-Tanakpur at Km 40.00 near Jagbuda bridge under Bharatmala Priyojana of NH-109D on EPC mode in the State of Uttarakhand,30.0668,79.0193,237.01,83.65,90.26,75.24
619155,Upgradation and 4L of Haridwar Bypass from Km 0.000 Km 188.100 of NH-58 to Km. 15.100 Km 5.100 of NH 74 PKg-1,30.0668,79.0193,1423.89,93.77,54.1,80.36
619221,Realignment of Rudrapur-Kathgodam Section of NH-87 New NH-109 From Design Chainage 000 Existing Chainage Km.54050 To Design Chainage 7875 Existing Chainage Km.61550 Due To Proposed Expansion Of Pantnagar Airport in the state of,30.0668,79.0193,252.97,13.13,0.06,0.0
619292,4L Medinipur to Ballupur from Km. 458.65 to Km. 487.65 of NH-07Pkg-2,30.0668,79.0193,1072.5,99.92,68.92,93.9
619293,Construction of 4 Lane Access Controlled Bypass for Dehradun on NH307 from Design Chainage km 0050 Jhajra on NH-07 to Design Chainage km 12220 Asharori on EPC Mode in the State of Uttarakhand under NHO,30.0668,79.0193,337.11,66.58,56.89,62.79
619294,Road Safety Improvement of existing four lane section of Dehradun-Lal Tappar-Nepali Farm Section of NH-7 and Nepali Farm-Motichur NH-34 on EPC Mode in Uttarakhand under NHO.,30.0668,79.0193,388.19,19.74,2.8,5.13
619295,Four/Six laning of Bhaniyawala-Jollygrant-Rishikesh spur section of NH-07 from Km. 0.000 to Km 19.780,30.0668,79.0193,664.92,34.57,2.01,0.0
617893,Construction of additional major Bridge with 4- lane configuration of length 1.48 km on NH-60 NH-14 over River Kangshabati from Km. 117.770 to Km 119.250 and additional major Bridge with 4- lane configuration of length 0.900 km on NH-60 NH- 14 over River Shilabati from Km. 173.220 to Km 174.120 in the district of Paschim,22.5726,88.3639,304.83,29.82,0.05,0.0
617894,"Construction or 4 lane Raniganj Bypass of length 5.261 km on NH-60 new NH-14 from km 273.00 of NH to km 478.18 of NH-2 New NH 16 in paschim Bardhaman, West Bengal in EPC Mode- reg. Job No. 014-WB-2022-23/514",22.5726,88.3639,410.83,76.3,44.94,67.28
617931,Construction of ROB and its approaches in lieu of LC No. 10/B/T at Km 307.050 of NH-60.,22.5726,88.3639,138.57,71.94,14.87,17.08
617960,Construction of new road at the missing link portion of NH-81 along approved alignment between Harishchandrapur and Eastern approach of Kalindri Bridge from Km 46.550 to Km 59.697 in the district of Malda. Job No-081-WB-2015-16/400,22.5726,88.3639,291.2,98.29,74.39,85.56
618227,Development to 4/6-lanning of NH-31 New NH-10 with both side service roads from km 569.258 to km 581.030 end of AH-02 project on NH- 31 near Shivmandir to Sevoke Army Cantonment in districts of Darjeeling and Jalpaiguri in the state of West,22.5726,88.3639,1059.2,85.42,55.78,74.98
618427,Construction & upgradation of existing road to 2-lane with paved shoulder including geometric improvement of Kafer- Lava More section from km 40.00 to km 61.100 of NH717-A on EPC under SARDP-NE A in state of West Bengal Pkg-VA,22.5726,88.3639,273.78,94.54,97.96,95.98
618429,Construction & upgradation of existing road to 2-lane with paved shoulder including geometric improvement of sect. from Pedong bypass to Reshi Border km 79.700 to km 96.254 of NH-717A under SARDP-NE-A on EPC as part of Alternate connectivity,22.5726,88.3639,395.59,99.95,105.85,97.22
618430,Construction of alternative highway to Gangtok in Sikkim via Bagrakot -Chuikhim- Nimbong -Kafer-Bakhim-Algarah-Rhenock in the State of West Bengal and from Rhenok-Rorathang-Pakyong along with spur from Aritar-Rolep-Menla in the State of Sikkim from Km 0.00 to Km 13.00 of Bagrakot -Kafer section of NH 717A on EPC,22.5726,88.3639,402.94,99.96,65.0,99.23
618431,Construction of alternative highway to Gangtok in Sikkim via Bagrakot -Chuikhim- Nimbong -Kafer-Bakhim-Algarah-Rhenock in the State of West Bengal and from Rhenok-Rorathang-Pakyong along with spur from Aritar-Rolep-Menla in the State of Sikkim from Km 13.00 to Km 25.60 of Bagrakot -Kafer section of NH 717A on EPC,22.5726,88.3639,295.97,94.54,86.47,97.73
618572,Binnaguri Bypass-Descoped portion of Ghoshpukur-Dhupguri Section of NH-31Dpkg-1,22.5726,88.3639,306.02,37.26,1.56,3.67
618574,Balance Works of 4L of NH-31D from Km. 113.200 to Km. 154.854 Package-II A Ghoshpukur-Salsalabari Section,22.5726,88.3639,962.31,66.56,47.91,61.1
618808,6L Elevated Kona Expressway from Km. 0.145 to Km. 7.337 of NH-117,22.5726,88.3639,1203.11,61.82,36.01,39.99
618823,4 laning of Barasat - Barajaguli Section of NH-12 from Km. 31.000 to Km. 48.679 in the district of North 24 - Parganas,22.5726,88.3639,346.39,63.06,28.26,43.52
618824,"Development to 4-laning of the de-scoped stretches from Km 115.342 to Km 191.700 of NH-34 in Nadia District 3.962 & Murshidabad District 5.538 pertaining to Krishnagar to Berhampore section of NH-34 New NH-12 , in the state of West Bengal under NHO.",22.5726,88.3639,197.74,71.36,32.68,54.79
618825,Bridge over Ganga River at d/s of Farraka Barrage including Approaches connecting Farakka-Raiganj,22.5726,88.3639,646.1,98.87,97.21,96.71
619004,"Construction of Dubrajpur Bypass with 4-lane configuration of length 5.676 km on NH- 60 new NH-14 from design chainage 0.00 existing km 316.135 on NH-60 to design chainage 5.676 existing km 320.980 on NH-60 in the district of Birbhum, West Bengal under Annual Plan 2022-23 in EPC Mode- reg. Job. No. 014-WB-2022-",22.5726,88.3639,560.79,33.15,0.06,8.0
619187,"Slope protection and landslide mitigation at 4 vulnerable locations km 1.950 to Km 2.100, km 11.100 to 11.450, km 22.435 to km 22.485 and km 22.610 to km 22.680 within Sevoke-Rangpo section of NH-10 old NH-31A in Darjeeling & Kalimpong district",22.5726,88.3639,152.27,58.22,13.92,34.47
709859,Total (993) 945370.67 460544.81 SETTING UP OF PHYSICAL INFRASTRUCTURE FOR THE NATIONAL INSTITUTE OF COMMUNICATION FINANCE [NICF] AT GHITORNI,28.6139,77.209,248.2,98.96,95.66,98.0
701598,Provision of 4G based Mobile Services in Uncovered Villages and National Highways of Meghalaya,22.45492,84.92362,180.46,100.0,92.67,99.84
701599,04/2022 05/2025 1884.60,21.61321,81.66364,1884.6,86.97,19.99,99.31
701599,Mobile connectivity in Left Wing Extremism [LWE] affected areas-Phase2,21.61321,81.66364,604.6,95.07,81.41,89.98
701602,"Jharkhand, 05/2018 03/2023 1577.57 1710 Madhya Pradesh, 492.2 89.98 Maharashtra, Odisha, Telangana, Uttar Pradesh, West Bengal) Provision of 4G based mobile services in 7,287 uncovered villages of 44 Aspirational Multi-States District across 5 states of Andhra Pradesh, Chhattisgarh, Jharkhand, Maharashtra & (Andhra Pradesh, Odisha Chhattisgarh,",20.9054,81.337267,1448.61,90.97,76.49,81.47
701597,"Jharkhand, 05/2018 03/2023 1577.57 1710 Madhya Pradesh, 492.2 89.98 Maharashtra, Odisha, Telangana, Uttar Pradesh, West Bengal) Provision of 4G based mobile services in 7,287 uncovered villages of 44 Aspirational Multi-States District across 5 states of Andhra Pradesh, Chhattisgarh, Jharkhand, Maharashtra & (Andhra Pradesh, Odisha Chhattisgarh, 1711 1108.02 81.47 (701602) Maharashtra, Provision of 4G Mobile Services in Uncovered Villages of Arunachal Pradesh and 2 Districts of Assam Multi-States",26.274333,90.1597,276.62,98.22,86.03,99.84
704495,"502 Aspirational District Scheme in Four states - Bihar, Madhya Pradesh, Rajastha Multi-States and Uttar Pradesh (Bihar, Madhya",26.87955,78.36675,228.94,100.0,66.81,99.59
108841,"502 Aspirational District Scheme in Four states - Bihar, Madhya Pradesh, Rajastha Multi-States and Uttar Pradesh (Bihar, Madhya 12/2019 03/2022 421.65 1713 (Department of Telecommunications [DoT]) Pradesh, 152.96 99.59 (704495) Rajasthan, Uttar Amended BharatNet Program - KTK, GOA, PY",22.5937,78.9629,3742.0,,11.63,8.15
124199,Amended BharatNet Program - HR,22.5937,78.9629,837.0,13.87,10.0,0.0
171218,Amended BharatNet Program - PB,22.5937,78.9629,1245.0,49.77,0.0,26.58
175860,"Amended BharatNet Program - MP, DD and DNH",22.5937,78.9629,4943.0,41.61,11.37,8.4
210914,Amended BharatNet Program - WB & ANI,22.5937,78.9629,1674.0,49.77,13.35,15.13
240484,Amended BharatNet Program - AS,22.5937,78.9629,832.0,13.87,10.0,0.0
317725,Amended BharatNet Program - OD,22.5937,78.9629,1713.0,2.74,0.0,0.0
400013,Saturation 4G mobile coverage of Uncovered Villages through USOF,22.5937,78.9629,15392.84,87.5,56.67,87.7
437130,"Amended BharatNet Program - J&K, LAD",22.5937,78.9629,1621.0,38.78,10.49,8.28
462136,"Amended BharatNet Program - MGH, MZM, TRP",22.5937,78.9629,768.0,33.26,0.0,0.0
476006,Amended BharatNet Program - HP,22.5937,78.9629,1292.0,49.77,11.53,23.18
547243,BharatNet Phase-II,22.5937,78.9629,22174.56,100.0,93.31,93.33
660056,Amended BharatNet Program - KL,22.5937,78.9629,765.0,38.78,12.41,1.63
665021,Amended BharatNet Program - UKD,22.5937,78.9629,1821.0,41.61,11.52,20.54
701593,4G Services by BSNL,22.5937,78.9629,19592.0,100.0,46.78,98.56
706775,BharatNet,22.5937,78.9629,12709.0,100.0,384.06,99.98
709856,MPLS-IP BASED ACCESS AND AGGREGATION NETWORK [MAAN] IN BSNL ALONG WITH TEST AND MEASURING EQUIPMENT,22.5937,78.9629,645.13,99.92,63.23,92.1
709857,"Planning, Engineering, Supply, Installation, Testing, Commissioning, Integration & Annual Maintenance of 4G mobile network at 1 Lakh sites on PAN India basis including Mumbai & Delhi LSA on turnkey basis under Phase IX.2 Project.",22.5937,78.9629,24544.55,97.31,37.34,98.56
914467,Amended BharatNet Program - BR,22.5937,78.9629,1550.0,47.17,14.37,17.76
938832,Amended BharatNet Program - RJ,22.5937,78.9629,2839.0,13.87,10.0,0.0
946208,Amended BharatNet Program - SKM,22.5937,78.9629,160.0,5.47,0.0,0.0
976009,"Amended BharatNet Program - ARP, NGL, MNP",22.5937,78.9629,1168.0,38.78,10.55,0.61
222253,Amended BharatNet Program - UP (East),26.8467,80.9462,5008.0,49.77,10.02,7.65
708687,Amended BharatNet Program - UP (West),26.8467,80.9462,1917.0,49.77,0.0,7.2
616600,Total (31) 207194.71 102879.15 Interception and Diversion and STP works in Bhagalpur under Hybrid annuity based PPP mode-Namami Gange Programme,25.5941,85.1376,413.29,92.91,30.65,97.0
616611,Sewage Treatment Plant 100MLD and Sewerage Network 288 km in Digha-Patna under Hybrid annuity based PPP mode-Namami Gange Programme,25.5941,85.1376,824.0,98.78,48.95,59.0
616612,Sewage Treatment Plant 50MLD and Sewerage Network 150 km in Kankarbagh Patna under Hybrid annuity based PPP mode Namami Gange Programme,25.5941,85.1376,578.89,100.0,30.16,55.0
616615,"Sewer Network, SPS and STP at Begusarai (National Mission for Clean Ganga)",25.5941,85.1376,230.06,96.15,113.81,97.0
616616,"Sewer Networks, SPS and STP at Hajipur (National Mission for Clean Ganga)",25.5941,85.1376,305.19,96.15,113.52,95.0
616594,Interception & Diversion with Rehabilitation of sewerage scheme at Agra under Hybrid annuity based PPP model-Namami Gange Programme,26.8467,80.9462,842.25,90.82,24.77,84.0
616605,Pollution Abatement Works for River Kali Meerut under Meerut Municipality Interception & Diversion with STP,26.8467,80.9462,690.71,74.94,5.04,57.0
616604,Pollution Abatement works for River Ganga at Hooghly Chinsurah- Municipal Town Interception & Diversion with STP,22.5726,88.3639,154.73,99.94,65.95,94.0
400100,Total (8) 4039.12 1658.37 Sardar Gouthu Latchanna Thotapalli Barrage Project,16.5062,80.648,1023.24,100.0,85.92,95.88
400101,Gundlakamma project,16.5062,80.648,697.39,97.34,89.59,98.3
701415,Polavaram Irrigation Project,16.5062,80.648,55548.87,100.0,50.34,86.15
701370,Borolia Irrigation Project,26.1445,91.7362,256.16,100.0,17.45,55.44
400111,Kelo Irrigation Project,21.2514,81.6296,727.04,100.0,85.3,73.0
701399,Kudali Irrigation Project,21.2514,81.6296,382.29,100.0,65.15,86.31
701372,Sardar Sarovar Project,23.2156,72.6369,33412.5,100.0,95.68,93.7
701376,"Subernarekha Multipurpose Project, Jharkhand",23.3441,85.3096,9579.58,100.0,63.05,70.0
701377,Upper Tunga Irrigation Project,12.9716,77.5946,1606.07,100.0,94.37,99.32
400115,Bargi Diversion Project Phase - IV [km. 154 to km 197],23.2599,77.4126,893.35,100.0,91.12,75.0
400116,Bargi Diversion Project Phase - III [km. 104 to km 154],23.2599,77.4126,1399.7,98.29,162.25,81.52
617422,Bodwad Parisar Sinchan Yojna,19.076,72.8777,1923.81,91.26,17.62,49.6
701383,Waghur Project,19.076,72.8777,1758.51,100.0,93.4,89.57
701386,Gosikhurd Project,19.076,72.8777,12770.1,90.89,113.07,72.65
701391,Aruna Medium Irrigation Project,19.076,72.8777,1472.14,100.0,117.84,100.0
701396,Lower Pedhi Project,19.076,72.8777,1480.7,100.0,207.07,65.0
701398,Nardave Medium Irrigation Project,19.076,72.8777,781.85,100.0,112.53,75.0
701400,Thoubal Multipurpose Project,24.817,93.9368,1822.24,98.86,101.42,99.0
701412,"North Koel Reservoir Project (Department of Water Resources, River Development & GR) Multi-States",24.4691,85.2236,2430.76,86.98,14.23,47.0
701530,Ken-Betwa Linking Development Project Multi-States,25.0533,79.1794,21030.0,63.08,40.57,0.0
603945,Integrated Anandpur Barrage Project,20.2961,85.8245,2990.05,100.0,93.98,62.85
701402,"Subernarekha Project, Odisha",20.2961,85.8245,7023.19,100.0,118.57,95.5
701404,Kanupur Irrigation Project,20.2961,85.8245,2301.28,100.0,121.85,79.5
701410,Relining of Rajasthan feeder and Sirhind Feeder canal,30.901,75.8573,2462.16,100.0,96.02,95.0
701411,Shahpur Kandi Dam Project,30.901,75.8573,2715.7,100.0,81.08,88.0
400102,Sri Ram Sagar Project Stage - II,17.385,78.4867,949.87,100.0,102.27,97.0
400103,Indiramma Flood Flow Canal Project,17.385,78.4867,5940.09,98.39,75.61,92.0
701405,J. Chokka Rao Devadula Lift Irrigation Scheme,17.385,78.4867,14730.0,100.0,32.87,87.7
701408,Madhya Ganga canal Phase-II,26.8467,80.9462,4417.21,100.0,103.59,82.39
613787,Jamrani Dam Multipurpose Project,30.0668,79.0193,2584.1,49.19,50.58,26.22
